person_id,date,financial_flow
2,2019-06-28,-3968.61
3,2019-06-28,-2897.55
4,2019-06-28,-1795.94
8,2019-06-28,-1077.56
2,2019-07-31,-4436.95
3,2019-07-31,-5543.14
4,2019-07-31,-3591.87
8,2019-07-31,-3123.37
12,2019-07-31,-1354.84
15,2019-07-31,-1354.84
16,2019-07-31,-4535.30
19,2019-07-31,-978.50
2,2019-08-30,-5669.44
3,2019-08-30,-5795.10
4,2019-08-30,-3591.87
8,2019-08-30,-2449.00
12,2019-08-30,-1731.19
15,2019-08-30,-1495.12
16,2019-08-30,-4214.62
19,2019-08-30,-1731.19
30,2019-08-30,-1180.36
31,2019-08-30,-1935.50
32,2019-08-30,-1659.00
34,2019-08-30,-2239.24
37,2019-08-30,-1839.86
40,2019-08-30,-1469.40
43,2019-08-30,-414.75
2,2019-09-30,-5669.44
3,2019-09-30,-5795.10
4,2019-09-30,-3591.87
8,2019-09-30,-3591.87
12,2019-09-30,-1648.75
15,2019-09-30,-1731.19
16,2019-09-30,-4415.31
19,2019-09-30,-1236.56
30,2019-09-30,-1731.19
31,2019-09-30,-2751.83
32,2019-09-30,-3041.50
34,2019-09-30,-5118.27
37,2019-09-30,-4047.69
40,2019-09-30,-3591.87
43,2019-09-30,-3041.50
47,2019-09-30,-2896.67
49,2019-09-30,-1401.44
51,2019-09-30,-1319.00
52,2019-09-30,-2172.50
53,2019-09-30,-1071.69
57,2019-09-30,-577.06
2,2019-10-31,-5669.44
3,2019-10-31,-5795.10
4,2019-10-31,-3591.87
8,2019-10-31,-3591.87
12,2019-10-31,-1580.65
15,2019-10-31,-1731.19
16,2019-10-31,-5795.10
19,2019-10-31,-1731.19
30,2019-10-31,-1806.46
31,2019-10-31,-2115.83
32,2019-10-31,-3041.50
34,2019-10-31,-4478.49
37,2019-10-31,-4047.69
40,2019-10-31,-3591.87
43,2019-10-31,-3570.46
47,2019-10-31,-3041.50
49,2019-10-31,-1354.84
51,2019-10-31,-1731.19
52,2019-10-31,-2115.83
53,2019-10-31,-1731.19
57,2019-10-31,-1957.00
64,2019-10-31,-5422.94
70,2019-10-31,-4190.46
71,2019-10-31,-4031.37
75,2019-10-31,-528.96
2,2019-11-29,-5669.44
3,2019-11-29,-5795.10
4,2019-11-29,-3591.87
8,2019-11-29,-3591.87
15,2019-11-29,-1731.19
16,2019-11-29,-5795.10
19,2019-11-29,-1731.19
30,2019-11-29,-1731.19
31,2019-11-29,-3041.50
32,2019-11-29,-2462.17
34,2019-11-29,-4478.49
37,2019-11-29,-4047.69
40,2019-11-29,-3591.87
43,2019-11-29,-3041.50
47,2019-11-29,-3041.50
49,2019-11-29,-1731.19
51,2019-11-29,-1731.19
52,2019-11-29,-3041.50
53,2019-11-29,-1236.56
57,2019-11-29,-1319.00
64,2019-11-29,-6209.39
70,2019-11-29,-6479.36
71,2019-11-29,-5795.10
75,2019-11-29,-3041.50
80,2019-11-29,-2462.17
83,2019-11-29,-2172.50
84,2019-11-29,-2394.58
86,2019-11-29,-1882.83
87,2019-11-29,-1738.00
94,2019-11-29,-342.08
2,2019-12-31,-6692.55
3,2019-12-31,-4464.62
4,2019-12-31,-3841.87
8,2019-12-31,-2699.00
15,2019-12-31,-1981.19
16,2019-12-31,-5518.27
19,2019-12-31,-1981.19
30,2019-12-31,-1981.19
31,2019-12-31,-3291.50
32,2019-12-31,-3291.50
34,2019-12-31,-4728.49
37,2019-12-31,-3193.77
40,2019-12-31,-2699.00
43,2019-12-31,-3291.50
47,2019-12-31,-3291.50
49,2019-12-31,-1981.19
51,2019-12-31,-2217.26
52,2019-12-31,-3291.50
53,2019-12-31,-1981.19
57,2019-12-31,-2138.57
64,2019-12-31,-5919.44
70,2019-12-31,-5919.44
71,2019-12-31,-6045.10
75,2019-12-31,-3291.50
80,2019-12-31,-3291.50
83,2019-12-31,-3706.25
84,2019-12-31,-3102.07
86,2019-12-31,-3291.50
87,2019-12-31,-3429.75
94,2019-12-31,-3841.87
97,2019-12-31,-2765.00
98,2019-12-31,-4071.35
100,2019-12-31,-3495.73
103,2019-12-31,-2212.00
105,2019-12-31,-3424.38
106,2019-12-31,-2122.47
112,2019-12-31,-553.00
2,2020-01-31,-5389.87
3,2020-01-31,-6092.02
4,2020-01-31,-3794.73
8,2020-01-31,-3794.73
15,2020-01-31,-1674.34
16,2020-01-31,-6092.02
19,2020-01-31,-1925.49
30,2020-01-31,-2009.21
31,2020-01-31,-3249.08
32,2020-01-31,-3249.08
34,2020-01-31,-4663.66
37,2020-01-31,-4172.14
40,2020-01-31,-3794.73
43,2020-01-31,-3672.87
47,2020-01-31,-3249.08
49,2020-01-31,-1925.49
51,2020-01-31,-1925.49
52,2020-01-31,-3249.08
53,2020-01-31,-1925.49
57,2020-01-31,-1925.49
64,2020-01-31,-5646.53
70,2020-01-31,-5903.19
71,2020-01-31,-6092.02
75,2020-01-31,-3249.08
80,2020-01-31,-3672.87
83,2020-01-31,-3249.08
86,2020-01-31,-2966.55
87,2020-01-31,-141.26
94,2020-01-31,-3794.73
97,2020-01-31,-3249.08
98,2020-01-31,-4663.66
100,2020-01-31,-4172.14
103,2020-01-31,-2684.02
105,2020-01-31,-6092.02
106,2020-01-31,-3794.73
112,2020-01-31,-2542.76
116,2020-01-31,-1423.19
122,2020-01-31,-1836.44
125,2020-01-31,-837.17
126,2020-01-31,-1419.37
2,2020-02-28,-5903.19
3,2020-02-28,-6092.02
4,2020-02-28,-3794.73
8,2020-02-28,-3794.73
15,2020-02-28,-1925.49
16,2020-02-28,-3959.81
19,2020-02-28,-1347.84
30,2020-02-28,-1925.49
31,2020-02-28,-3736.44
32,2020-02-28,-3249.08
34,2020-02-28,-4896.84
37,2020-02-28,-4172.14
40,2020-02-28,-2656.31
43,2020-02-28,-3249.08
47,2020-02-28,-2599.26
49,2020-02-28,-1925.49
51,2020-02-28,-1925.49
52,2020-02-28,-3411.53
53,2020-02-28,-1925.49
57,2020-02-28,-1925.49
64,2020-02-28,-5903.19
70,2020-02-28,-5903.19
71,2020-02-28,-4873.62
75,2020-02-28,-3573.99
80,2020-02-28,-2924.17
83,2020-02-28,-3249.08
86,2020-02-28,-3249.08
94,2020-02-28,-3035.78
97,2020-02-28,-3249.08
98,2020-02-28,-3264.56
100,2020-02-28,-4172.14
103,2020-02-28,-3086.63
105,2020-02-28,-6092.02
106,2020-02-28,-3794.73
112,2020-02-28,-3249.08
116,2020-02-28,-1925.49
122,2020-02-28,-3249.08
125,2020-02-28,-1925.49
126,2020-02-28,-4663.66
128,2020-02-28,-3794.73
129,2020-02-28,-1829.22
130,2020-02-28,-5482.82
132,2020-02-28,-2599.26
133,2020-02-28,-2436.81
134,2020-02-28,-3246.75
135,2020-02-28,-1897.37
139,2020-02-28,-866.47
2,2020-03-31,-4293.23
3,2020-03-31,-6092.02
4,2020-03-31,-3794.73
8,2020-03-31,-3277.27
15,2020-03-31,-1925.49
16,2020-03-31,-4707.47
19,2020-03-31,-1925.49
30,2020-03-31,-1925.49
31,2020-03-31,-2510.65
32,2020-03-31,-3544.45
34,2020-03-31,-4663.66
37,2020-03-31,-4172.14
40,2020-03-31,-2587.32
43,2020-03-31,-3249.08
49,2020-03-31,-1925.49
51,2020-03-31,-1750.45
52,2020-03-31,-2658.34
53,2020-03-31,-2013.01
57,2020-03-31,-1925.49
64,2020-03-31,-6171.52
70,2020-03-31,-4293.23
71,2020-03-31,-6092.02
75,2020-03-31,-2362.97
80,2020-03-31,-3249.08
83,2020-03-31,-2806.02
86,2020-03-31,-3249.08
94,2020-03-31,-3794.73
97,2020-03-31,-3249.08
98,2020-03-31,-5511.60
100,2020-03-31,-4172.14
103,2020-03-31,-3249.08
105,2020-03-31,-6092.02
106,2020-03-31,-3794.73
112,2020-03-31,-3249.08
116,2020-03-31,-2013.01
122,2020-03-31,-3249.08
125,2020-03-31,-1925.49
126,2020-03-31,-4663.66
128,2020-03-31,-3794.73
129,2020-03-31,-2188.06
130,2020-03-31,-6092.02
132,2020-03-31,-3249.08
133,2020-03-31,-3249.08
134,2020-03-31,-5903.19
135,2020-03-31,-3794.73
139,2020-03-31,-2275.58
146,2020-03-31,-3249.08
150,2020-03-31,-1750.45
158,2020-03-31,-1476.85
160,2020-03-31,-875.22
161,2020-03-31,-787.70
162,2020-03-31,-1552.39
165,2020-03-31,-1059.92
167,2020-03-31,-590.74
170,2020-03-31,-443.06
171,2020-03-31,-379.29
2,2020-04-30,-5903.19
3,2020-04-30,-6092.02
4,2020-04-30,-3794.73
8,2020-04-30,-3794.73
15,2020-04-30,-1925.49
19,2020-04-30,-1925.49
30,2020-04-30,-1925.49
31,2020-04-30,-3249.08
32,2020-04-30,-3839.82
34,2020-04-30,-4663.66
37,2020-04-30,-4172.14
40,2020-04-30,-3794.73
43,2020-04-30,-3249.08
49,2020-04-30,-1925.49
51,2020-04-30,-1837.97
53,2020-04-30,-1925.49
57,2020-04-30,-1925.49
64,2020-04-30,-5903.19
70,2020-04-30,-5903.19
71,2020-04-30,-6092.02
75,2020-04-30,-3249.08
80,2020-04-30,-3249.08
83,2020-04-30,-3249.08
86,2020-04-30,-3249.08
94,2020-04-30,-3794.73
97,2020-04-30,-3249.08
98,2020-04-30,-4663.66
100,2020-04-30,-4172.14
103,2020-04-30,-3249.08
105,2020-04-30,-6092.02
106,2020-04-30,-3794.73
112,2020-04-30,-3249.08
116,2020-04-30,-1925.49
122,2020-04-30,-1033.80
125,2020-04-30,-1925.49
126,2020-04-30,-4663.66
128,2020-04-30,-3794.73
129,2020-04-30,-1925.49
130,2020-04-30,-6092.02
132,2020-04-30,-3249.08
133,2020-04-30,-3249.08
134,2020-04-30,-5366.54
135,2020-04-30,-3794.73
139,2020-04-30,-1925.49
146,2020-04-30,-3249.08
150,2020-04-30,-2188.06
158,2020-04-30,-3249.08
160,2020-04-30,-1925.49
161,2020-04-30,-1575.40
162,2020-04-30,-3967.22
165,2020-04-30,-4663.66
167,2020-04-30,-3249.08
170,2020-04-30,-3249.08
171,2020-04-30,-4172.14
181,2020-04-30,-1907.86
2,2020-05-29,-5903.19
3,2020-05-29,-6672.21
4,2020-05-29,-3794.73
8,2020-05-29,-4156.13
15,2020-05-29,-1925.49
19,2020-05-29,-1925.49
30,2020-05-29,-2108.87
31,2020-05-29,-3249.08
32,2020-05-29,-3867.95
34,2020-05-29,-4663.66
37,2020-05-29,-4172.14
40,2020-05-29,-3794.73
43,2020-05-29,-2784.93
49,2020-05-29,-1925.49
51,2020-05-29,-1925.49
53,2020-05-29,-2292.25
57,2020-05-29,-1742.11
64,2020-05-29,-5059.88
70,2020-05-29,-5903.19
71,2020-05-29,-6672.21
75,2020-05-29,-3249.08
80,2020-05-29,-3249.08
83,2020-05-29,-2630.21
86,2020-05-29,-3249.08
94,2020-05-29,-3794.73
97,2020-05-29,-3867.95
98,2020-05-29,-4663.66
100,2020-05-29,-4569.49
103,2020-05-29,-2166.05
105,2020-05-29,-5221.73
106,2020-05-29,-3794.73
112,2020-05-29,-3249.08
116,2020-05-29,-1925.49
125,2020-05-29,-1833.80
126,2020-05-29,-3775.34
128,2020-05-29,-3794.73
129,2020-05-29,-1650.42
130,2020-05-29,-6092.02
132,2020-05-29,-3867.95
133,2020-05-29,-3713.23
134,2020-05-29,-5903.19
135,2020-05-29,-3794.73
139,2020-05-29,-1925.49
146,2020-05-29,-3249.08
150,2020-05-29,-1925.49
158,2020-05-29,-3249.08
160,2020-05-29,-1925.49
161,2020-05-29,-2200.56
162,2020-05-29,-3794.73
165,2020-05-29,-3775.34
167,2020-05-29,-3867.95
170,2020-05-29,-3249.08
171,2020-05-29,-4172.14
181,2020-05-29,-4885.74
187,2020-05-29,-3094.36
189,2020-05-29,-2166.05
193,2020-05-29,-1807.01
195,2020-05-29,-1626.31
196,2020-05-29,-1083.03
2,2020-06-30,-5903.19
3,2020-06-30,-6092.02
4,2020-06-30,-3794.73
8,2020-06-30,-3104.78
15,2020-06-30,-1925.49
19,2020-06-30,-2188.06
30,2020-06-30,-1575.40
31,2020-06-30,-3101.39
32,2020-06-30,-3249.08
34,2020-06-30,-4663.66
37,2020-06-30,-4172.14
40,2020-06-30,-3622.24
43,2020-06-30,-3101.39
49,2020-06-30,-1925.49
51,2020-06-30,-1925.49
53,2020-06-30,-1925.49
57,2020-06-30,-1575.40
64,2020-06-30,-4024.90
70,2020-06-30,-5903.19
71,2020-06-30,-6092.02
75,2020-06-30,-3396.77
80,2020-06-30,-3249.08
83,2020-06-30,-3249.08
86,2020-06-30,-2215.28
94,2020-06-30,-3104.78
97,2020-06-30,-2510.65
98,2020-06-30,-4663.66
100,2020-06-30,-3034.28
103,2020-06-30,-3249.08
105,2020-06-30,-6092.02
106,2020-06-30,-3794.73
112,2020-06-30,-2362.97
116,2020-06-30,-1925.49
125,2020-06-30,-2188.06
126,2020-06-30,-4239.69
128,2020-06-30,-3794.73
129,2020-06-30,-1925.49
130,2020-06-30,-6092.02
132,2020-06-30,-3249.08
133,2020-06-30,-3249.08
134,2020-06-30,-6439.84
135,2020-06-30,-3622.24
139,2020-06-30,-1925.49
146,2020-06-30,-3249.08
150,2020-06-30,-1925.49
158,2020-06-30,-3249.08
160,2020-06-30,-1925.49
161,2020-06-30,-1400.36
162,2020-06-30,-4139.71
165,2020-06-30,-4027.71
167,2020-06-30,-3249.08
170,2020-06-30,-3249.08
171,2020-06-30,-4172.14
181,2020-06-30,-4663.66
187,2020-06-30,-3249.08
189,2020-06-30,-3396.77
193,2020-06-30,-3794.73
195,2020-06-30,-3794.73
196,2020-06-30,-3249.08
203,2020-06-30,-2658.34
204,2020-06-30,-1575.40
206,2020-06-30,-2215.28
209,2020-06-30,-1329.17
212,2020-06-30,-525.13
213,2020-06-30,-847.94
2,2020-07-31,-5903.19
3,2020-07-31,-6092.02
4,2020-07-31,-3794.73
8,2020-07-31,-3794.73
15,2020-07-31,-1925.49
19,2020-07-31,-1925.49
30,2020-07-31,-1925.49
31,2020-07-31,-2401.49
32,2020-07-31,-3249.08
34,2020-07-31,-3447.05
37,2020-07-31,-3265.15
40,2020-07-31,-3794.73
43,2020-07-31,-3531.61
49,2020-07-31,-1925.49
51,2020-07-31,-1925.49
53,2020-07-31,-2092.92
57,2020-07-31,-2176.64
64,2020-07-31,-5903.19
70,2020-07-31,-6159.85
71,2020-07-31,-6092.02
75,2020-07-31,-3249.08
80,2020-07-31,-706.32
83,2020-07-31,-3249.08
86,2020-07-31,-3249.08
94,2020-07-31,-3629.74
97,2020-07-31,-3249.08
98,2020-07-31,-4663.66
100,2020-07-31,-4172.14
103,2020-07-31,-3249.08
105,2020-07-31,-4502.80
106,2020-07-31,-2804.80
112,2020-07-31,-3249.08
116,2020-07-31,-2092.92
125,2020-07-31,-1925.49
126,2020-07-31,-3649.82
128,2020-07-31,-3794.73
129,2020-07-31,-1925.49
130,2020-07-31,-6356.89
132,2020-07-31,-3249.08
133,2020-07-31,-3249.08
134,2020-07-31,-5903.19
135,2020-07-31,-3794.73
139,2020-07-31,-1423.19
146,2020-07-31,-3249.08
150,2020-07-31,-1674.34
158,2020-07-31,-3390.34
160,2020-07-31,-1925.49
161,2020-07-31,-1506.91
162,2020-07-31,-3794.73
165,2020-07-31,-5474.73
167,2020-07-31,-3249.08
170,2020-07-31,-3249.08
171,2020-07-31,-4716.33
181,2020-07-31,-4663.66
187,2020-07-31,-3249.08
189,2020-07-31,-2825.29
193,2020-07-31,-3794.73
195,2020-07-31,-2639.81
196,2020-07-31,-3249.08
203,2020-07-31,-3249.08
204,2020-07-31,-1925.49
206,2020-07-31,-3249.08
209,2020-07-31,-3249.08
212,2020-07-31,-1925.49
213,2020-07-31,-4663.66
223,2020-07-31,-1255.75
225,2020-07-31,-1979.86
229,2020-07-31,-1271.38
2,2020-08-31,-5903.19
3,2020-08-31,-6092.02
4,2020-08-31,-3794.73
8,2020-08-31,-3252.63
15,2020-08-31,-1925.49
19,2020-08-31,-1925.49
30,2020-08-31,-1925.49
31,2020-08-31,-2166.05
32,2020-08-31,-3249.08
34,2020-08-31,-4663.66
37,2020-08-31,-4172.14
40,2020-08-31,-3794.73
43,2020-08-31,-3094.36
49,2020-08-31,-1925.49
51,2020-08-31,-1558.73
53,2020-08-31,-1925.49
57,2020-08-31,-1375.35
64,2020-08-31,-5903.19
70,2020-08-31,-5903.19
71,2020-08-31,-6092.02
75,2020-08-31,-3249.08
83,2020-08-31,-3249.08
86,2020-08-31,-3249.08
94,2020-08-31,-3794.73
97,2020-08-31,-3249.08
98,2020-08-31,-4663.66
100,2020-08-31,-4172.14
103,2020-08-31,-3249.08
105,2020-08-31,-6092.02
106,2020-08-31,-3794.73
112,2020-08-31,-3249.08
116,2020-08-31,-1925.49
125,2020-08-31,-1925.49
126,2020-08-31,-4663.66
128,2020-08-31,-3794.73
129,2020-08-31,-1925.49
130,2020-08-31,-6092.02
132,2020-08-31,-3249.08
133,2020-08-31,-3249.08
134,2020-08-31,-7027.61
135,2020-08-31,-3794.73
139,2020-08-31,-1925.49
146,2020-08-31,-2939.64
150,2020-08-31,-1833.80
158,2020-08-31,-3249.08
160,2020-08-31,-1650.42
161,2020-08-31,-1925.49
162,2020-08-31,-3794.73
165,2020-08-31,-5551.98
167,2020-08-31,-3249.08
170,2020-08-31,-2784.93
171,2020-08-31,-4172.14
181,2020-08-31,-3775.34
187,2020-08-31,-3249.08
189,2020-08-31,-3249.08
193,2020-08-31,-3794.73
195,2020-08-31,-3794.73
196,2020-08-31,-3249.08
203,2020-08-31,-3867.95
204,2020-08-31,-2200.56
206,2020-08-31,-2166.05
209,2020-08-31,-3558.52
212,2020-08-31,-1925.49
213,2020-08-31,-4663.66
223,2020-08-31,-1925.49
225,2020-08-31,-3794.73
229,2020-08-31,-2939.64
236,2020-08-31,-3997.42
237,2020-08-31,-2891.22
238,2020-08-31,-1100.28
239,2020-08-31,-733.52
240,2020-08-31,-1332.47
243,2020-08-31,-888.32
2,2020-09-30,-5903.19
3,2020-09-30,-4153.65
4,2020-09-30,-3794.73
8,2020-09-30,-3794.73
15,2020-09-30,-1925.49
19,2020-09-30,-1925.49
30,2020-09-30,-1750.45
31,2020-09-30,-3249.08
32,2020-09-30,-3249.08
34,2020-09-30,-4663.66
37,2020-09-30,-3982.50
40,2020-09-30,-4484.68
43,2020-09-30,-3249.08
49,2020-09-30,-1925.49
51,2020-09-30,-1925.49
53,2020-09-30,-1925.49
57,2020-09-30,-1925.49
64,2020-09-30,-5903.19
70,2020-09-30,-5634.86
71,2020-09-30,-5261.29
75,2020-09-30,-3249.08
83,2020-09-30,-2953.71
86,2020-09-30,-2215.28
94,2020-09-30,-3794.73
97,2020-09-30,-3249.08
98,2020-09-30,-4663.66
100,2020-09-30,-4741.07
103,2020-09-30,-3396.77
105,2020-09-30,-6092.02
106,2020-09-30,-3794.73
112,2020-09-30,-3249.08
116,2020-09-30,-1925.49
125,2020-09-30,-1662.92
126,2020-09-30,-4663.66
128,2020-09-30,-3794.73
129,2020-09-30,-2100.53
130,2020-09-30,-6092.02
132,2020-09-30,-3249.08
133,2020-09-30,-3249.08
134,2020-09-30,-5903.19
135,2020-09-30,-3449.75
139,2020-09-30,-1487.88
146,2020-09-30,-2953.71
150,2020-09-30,-1925.49
158,2020-09-30,-3839.82
160,2020-09-30,-2275.58
161,2020-09-30,-1925.49
162,2020-09-30,-2759.80
165,2020-09-30,-4663.66
167,2020-09-30,-3249.08
170,2020-09-30,-2953.71
171,2020-09-30,-4172.14
181,2020-09-30,-4663.66
187,2020-09-30,-3249.08
189,2020-09-30,-3249.08
193,2020-09-30,-3794.73
195,2020-09-30,-3104.78
196,2020-09-30,-3101.39
203,2020-09-30,-3249.08
204,2020-09-30,-1925.49
206,2020-09-30,-3249.08
209,2020-09-30,-2510.65
212,2020-09-30,-1487.88
213,2020-09-30,-4663.66
223,2020-09-30,-1925.49
225,2020-09-30,-3794.73
229,2020-09-30,-3249.08
236,2020-09-30,-4663.66
237,2020-09-30,-3794.73
238,2020-09-30,-1837.97
239,2020-09-30,-2188.06
240,2020-09-30,-5087.63
243,2020-09-30,-4451.68
246,2020-09-30,-3794.73
248,2020-09-30,-3104.78
250,2020-09-30,-3599.83
253,2020-09-30,-1724.88
255,2020-09-30,-590.74
2,2020-10-30,-5903.19
3,2020-10-30,-6092.02
4,2020-10-30,-3622.24
8,2020-10-30,-4484.68
15,2020-10-30,-1837.97
19,2020-10-30,-1925.49
30,2020-10-30,-1925.49
31,2020-10-30,-3249.08
32,2020-10-30,-3249.08
34,2020-10-30,-635.95
37,2020-10-30,-4172.14
40,2020-10-30,-2759.80
43,2020-10-30,-2953.71
49,2020-10-30,-2013.01
51,2020-10-30,-1925.49
53,2020-10-30,-1925.49
57,2020-10-30,-1662.92
64,2020-10-30,-5903.19
70,2020-10-30,-5903.19
71,2020-10-30,-6092.02
75,2020-10-30,-2362.97
83,2020-10-30,-3249.08
86,2020-10-30,-3249.08
94,2020-10-30,-3794.73
97,2020-10-30,-3544.45
98,2020-10-30,-4663.66
100,2020-10-30,-4172.14
103,2020-10-30,-3249.08
105,2020-10-30,-4430.56
106,2020-10-30,-3794.73
112,2020-10-30,-3249.08
116,2020-10-30,-1312.83
125,2020-10-30,-2013.01
126,2020-10-30,-5511.60
128,2020-10-30,-3794.73
129,2020-10-30,-1837.97
130,2020-10-30,-6092.02
132,2020-10-30,-3249.08
133,2020-10-30,-3249.08
134,2020-10-30,-5903.19
135,2020-10-30,-3794.73
139,2020-10-30,-1925.49
146,2020-10-30,-3544.45
150,2020-10-30,-2275.58
158,2020-10-30,-3101.39
160,2020-10-30,-1925.49
161,2020-10-30,-1137.79
162,2020-10-30,-3794.73
165,2020-10-30,-4663.66
167,2020-10-30,-3249.08
170,2020-10-30,-2510.65
171,2020-10-30,-4172.14
181,2020-10-30,-5087.63
187,2020-10-30,-3249.08
189,2020-10-30,-3249.08
193,2020-10-30,-3277.27
195,2020-10-30,-3794.73
196,2020-10-30,-2510.65
203,2020-10-30,-3249.08
204,2020-10-30,-1925.49
206,2020-10-30,-3249.08
209,2020-10-30,-3249.08
212,2020-10-30,-1925.49
213,2020-10-30,-4663.66
223,2020-10-30,-1925.49
225,2020-10-30,-3794.73
229,2020-10-30,-3249.08
236,2020-10-30,-3603.74
237,2020-10-30,-3794.73
238,2020-10-30,-1925.49
239,2020-10-30,-1925.49
240,2020-10-30,-2967.78
243,2020-10-30,-4451.68
246,2020-10-30,-3794.73
248,2020-10-30,-3794.73
250,2020-10-30,-6092.02
253,2020-10-30,-3794.73
255,2020-10-30,-3249.08
261,2020-10-30,-1750.45
262,2020-10-30,-3449.75
266,2020-10-30,-2844.64
268,2020-10-30,-1476.85
270,2020-10-30,-862.44
271,2020-10-30,-1341.63
2,2020-11-30,-7027.61
3,2020-11-30,-4351.44
4,2020-11-30,-4156.13
8,2020-11-30,-2529.82
15,2020-11-30,-1925.49
19,2020-11-30,-1925.49
30,2020-11-30,-1925.49
31,2020-11-30,-2784.93
32,2020-11-30,-2475.49
37,2020-11-30,-4172.14
40,2020-11-30,-3071.92
43,2020-11-30,-3249.08
49,2020-11-30,-1925.49
51,2020-11-30,-1925.49
53,2020-11-30,-1467.04
57,2020-11-30,-1925.49
64,2020-11-30,-5903.19
70,2020-11-30,-5903.19
71,2020-11-30,-7252.40
75,2020-11-30,-3249.08
83,2020-11-30,-3249.08
86,2020-11-30,-2320.77
94,2020-11-30,-3794.73
97,2020-11-30,-3249.08
98,2020-11-30,-4663.66
100,2020-11-30,-4172.14
103,2020-11-30,-3713.23
105,2020-11-30,-6092.02
106,2020-11-30,-3794.73
112,2020-11-30,-2475.49
116,2020-11-30,-2017.18
125,2020-11-30,-1925.49
126,2020-11-30,-5329.90
128,2020-11-30,-3794.73
129,2020-11-30,-1925.49
130,2020-11-30,-290.10
132,2020-11-30,-3249.08
133,2020-11-30,-3249.08
134,2020-11-30,-5903.19
135,2020-11-30,-3794.73
139,2020-11-30,-2108.87
146,2020-11-30,-3249.08
150,2020-11-30,-1375.35
158,2020-11-30,-3249.08
160,2020-11-30,-1925.49
162,2020-11-30,-2710.52
165,2020-11-30,-4663.66
167,2020-11-30,-3249.08
170,2020-11-30,-2475.49
171,2020-11-30,-3377.45
181,2020-11-30,-4663.66
187,2020-11-30,-3249.08
189,2020-11-30,-2320.77
193,2020-11-30,-3794.73
195,2020-11-30,-2710.52
196,2020-11-30,-3713.23
203,2020-11-30,-3249.08
204,2020-11-30,-2292.25
206,2020-11-30,-3249.08
209,2020-11-30,-2939.64
212,2020-11-30,-1283.66
213,2020-11-30,-3109.11
223,2020-11-30,-1742.11
225,2020-11-30,-3794.73
229,2020-11-30,-3558.52
236,2020-11-30,-4663.66
237,2020-11-30,-3794.73
238,2020-11-30,-1925.49
239,2020-11-30,-2200.56
243,2020-11-30,-3553.26
246,2020-11-30,-3794.73
248,2020-11-30,-3794.73
250,2020-11-30,-6092.02
253,2020-11-30,-3794.73
255,2020-11-30,-3249.08
261,2020-11-30,-2017.18
262,2020-11-30,-3794.73
266,2020-11-30,-4172.14
268,2020-11-30,-2475.49
270,2020-11-30,-3794.73
271,2020-11-30,-6746.50
274,2020-11-30,-1925.49
275,2020-11-30,-4172.14
276,2020-11-30,-2784.93
2,2020-12-31,-6153.19
3,2020-12-31,-4752.80
4,2020-12-31,-4044.73
8,2020-12-31,-4044.73
15,2020-12-31,-1673.19
19,2020-12-31,-2175.49
30,2020-12-31,-2175.49
31,2020-12-31,-3499.08
32,2020-12-31,-3499.08
37,2020-12-31,-4422.14
40,2020-12-31,-3714.75
43,2020-12-31,-3499.08
49,2020-12-31,-1840.62
51,2020-12-31,-2342.92
57,2020-12-31,-2175.49
64,2020-12-31,-6153.19
70,2020-12-31,-6153.19
71,2020-12-31,-6342.02
75,2020-12-31,-2934.02
83,2020-12-31,-3499.08
86,2020-12-31,-2651.49
94,2020-12-31,-3219.79
97,2020-12-31,-3499.08
98,2020-12-31,-4913.66
100,2020-12-31,-4966.33
103,2020-12-31,-3499.08
105,2020-12-31,-5547.41
106,2020-12-31,-4044.73
112,2020-12-31,-3499.08
116,2020-12-31,-1840.62
125,2020-12-31,-2175.49
126,2020-12-31,-5724.73
128,2020-12-31,-4044.73
129,2020-12-31,-2175.49
132,2020-12-31,-3781.61
133,2020-12-31,-3499.08
134,2020-12-31,-6153.19
135,2020-12-31,-4044.73
139,2020-12-31,-2175.49
146,2020-12-31,-3499.08
150,2020-12-31,-2175.49
158,2020-12-31,-3499.08
160,2020-12-31,-2175.49
162,2020-12-31,-4044.73
165,2020-12-31,-4913.66
167,2020-12-31,-3499.08
170,2020-12-31,-3499.08
171,2020-12-31,-4422.14
181,2020-12-31,-4508.12
187,2020-12-31,-3216.55
189,2020-12-31,-3640.34
193,2020-12-31,-4044.73
195,2020-12-31,-4374.71
196,2020-12-31,-2934.02
203,2020-12-31,-3499.08
204,2020-12-31,-2175.49
206,2020-12-31,-3499.08
209,2020-12-31,-3499.08
212,2020-12-31,-2091.77
213,2020-12-31,-3899.82
223,2020-12-31,-2510.36
225,2020-12-31,-4044.73
229,2020-12-31,-3499.08
236,2020-12-31,-4913.66
237,2020-12-31,-3219.79
238,2020-12-31,-2175.49
239,2020-12-31,-2175.49
243,2020-12-31,-4913.66
246,2020-12-31,-3219.79
248,2020-12-31,-4044.73
250,2020-12-31,-6606.89
253,2020-12-31,-2889.81
255,2020-12-31,-3499.08
261,2020-12-31,-2175.49
262,2020-12-31,-3219.79
266,2020-12-31,-3152.36
268,2020-12-31,-3499.08
270,2020-12-31,-4044.73
271,2020-12-31,-6153.19
274,2020-12-31,-2175.49
275,2020-12-31,-4422.14
276,2020-12-31,-2510.23
281,2020-12-31,-2684.02
282,2020-12-31,-1590.62
283,2020-12-31,-1172.04
2,2021-01-29,-6135.11
3,2021-01-29,-4455.31
4,2021-01-29,-4037.52
8,2021-01-29,-4037.52
15,2021-01-29,-2118.04
19,2021-01-29,-1613.74
30,2021-01-29,-1815.46
31,2021-01-29,-3379.59
32,2021-01-29,-3379.59
37,2021-01-29,-4355.30
40,2021-01-29,-4037.52
43,2021-01-29,-2735.86
49,2021-01-29,-2118.04
51,2021-01-29,-2521.48
57,2021-01-29,-2118.04
64,2021-01-29,-6135.11
70,2021-01-29,-6427.26
71,2021-01-29,-6237.44
75,2021-01-29,-2735.86
83,2021-01-29,-3379.59
86,2021-01-29,-3379.59
94,2021-01-29,-3268.47
97,2021-01-29,-3379.59
98,2021-01-29,-4934.09
100,2021-01-29,-3525.72
103,2021-01-29,-3379.59
105,2021-01-29,-6237.44
106,2021-01-29,-4037.52
112,2021-01-29,-3379.59
116,2021-01-29,-1613.74
125,2021-01-29,-2118.04
126,2021-01-29,-4934.09
128,2021-01-29,-4037.52
129,2021-01-29,-2420.62
132,2021-01-29,-3379.59
133,2021-01-29,-3379.59
134,2021-01-29,-7303.70
135,2021-01-29,-4037.52
139,2021-01-29,-1512.89
146,2021-01-29,-3379.59
150,2021-01-29,-2118.04
158,2021-01-29,-3379.59
160,2021-01-29,-2118.04
162,2021-01-29,-4037.52
165,2021-01-29,-5169.05
167,2021-01-29,-3379.59
170,2021-01-29,-3701.46
171,2021-01-29,-3318.32
181,2021-01-29,-5404.00
187,2021-01-29,-3218.66
189,2021-01-29,-3057.72
193,2021-01-29,-3845.26
195,2021-01-29,-4037.52
196,2021-01-29,-3379.59
203,2021-01-29,-3379.59
204,2021-01-29,-2118.04
206,2021-01-29,-3379.59
209,2021-01-29,-3379.59
212,2021-01-29,-2118.04
213,2021-01-29,-3289.39
223,2021-01-29,-2118.04
225,2021-01-29,-4037.52
229,2021-01-29,-3057.72
236,2021-01-29,-3289.39
237,2021-01-29,-4037.52
238,2021-01-29,-2017.18
239,2021-01-29,-2118.04
243,2021-01-29,-3759.31
246,2021-01-29,-4037.52
248,2021-01-29,-4422.05
250,2021-01-29,-6237.44
253,2021-01-29,-4806.57
255,2021-01-29,-3379.59
261,2021-01-29,-2118.04
262,2021-01-29,-4037.52
266,2021-01-29,-4355.30
268,2021-01-29,-3862.39
270,2021-01-29,-4037.52
271,2021-01-29,-6135.11
274,2021-01-29,-2118.04
275,2021-01-29,-3318.32
276,2021-01-29,-3862.39
281,2021-01-29,-3379.59
282,2021-01-29,-2118.04
283,2021-01-29,-2118.04
289,2021-01-29,-2118.04
290,2021-01-29,-3218.66
292,2021-01-29,-3218.66
293,2021-01-29,-3057.72
295,2021-01-29,-2574.93
297,2021-01-29,-2413.99
300,2021-01-29,-1153.58
303,2021-01-29,-804.66
2,2021-02-26,-6135.11
3,2021-02-26,-4366.21
4,2021-02-26,-4037.52
8,2021-02-26,-4037.52
15,2021-02-26,-2118.04
19,2021-02-26,-1376.73
30,2021-02-26,-2541.65
31,2021-02-26,-3886.53
32,2021-02-26,-3379.59
37,2021-02-26,-3484.24
40,2021-02-26,-4037.52
43,2021-02-26,-3379.59
49,2021-02-26,-2435.75
51,2021-02-26,-2118.04
57,2021-02-26,-1482.63
64,2021-02-26,-4294.58
70,2021-02-26,-7362.13
71,2021-02-26,-5301.82
75,2021-02-26,-3210.61
83,2021-02-26,-3379.59
86,2021-02-26,-2196.73
94,2021-02-26,-4037.52
97,2021-02-26,-3379.59
98,2021-02-26,-3207.16
100,2021-02-26,-4355.30
103,2021-02-26,-2703.67
105,2021-02-26,-6861.18
106,2021-02-26,-4037.52
112,2021-02-26,-4055.51
116,2021-02-26,-2118.04
125,2021-02-26,-2118.04
126,2021-02-26,-5180.79
128,2021-02-26,-4037.52
129,2021-02-26,-2118.04
132,2021-02-26,-3379.59
133,2021-02-26,-3379.59
134,2021-02-26,-7362.13
135,2021-02-26,-4037.52
139,2021-02-26,-1906.24
146,2021-02-26,-3379.59
150,2021-02-26,-2118.04
158,2021-02-26,-3379.59
160,2021-02-26,-2118.04
162,2021-02-26,-4037.52
165,2021-02-26,-4934.09
167,2021-02-26,-3379.59
170,2021-02-26,-3379.59
171,2021-02-26,-4573.07
181,2021-02-26,-4934.09
187,2021-02-26,-3717.55
189,2021-02-26,-3379.59
193,2021-02-26,-4037.52
195,2021-02-26,-4037.52
196,2021-02-26,-3379.59
203,2021-02-26,-3379.59
204,2021-02-26,-2118.04
206,2021-02-26,-3548.57
209,2021-02-26,-3379.59
212,2021-02-26,-2118.04
213,2021-02-26,-4934.09
223,2021-02-26,-2118.04
225,2021-02-26,-4037.52
229,2021-02-26,-675.92
236,2021-02-26,-4934.09
237,2021-02-26,-3431.89
238,2021-02-26,-2118.04
239,2021-02-26,-2118.04
243,2021-02-26,-3207.16
246,2021-02-26,-4037.52
248,2021-02-26,-4239.40
250,2021-02-26,-6237.44
253,2021-02-26,-4037.52
255,2021-02-26,-3379.59
261,2021-02-26,-1588.53
262,2021-02-26,-4037.52
266,2021-02-26,-4355.30
268,2021-02-26,-3041.63
270,2021-02-26,-3028.14
271,2021-02-26,-6135.11
274,2021-02-26,-2118.04
275,2021-02-26,-4355.30
276,2021-02-26,-3379.59
281,2021-02-26,-3379.59
282,2021-02-26,-2329.84
283,2021-02-26,-2118.04
289,2021-02-26,-2223.94
290,2021-02-26,-3379.59
292,2021-02-26,-3379.59
293,2021-02-26,-3379.59
295,2021-02-26,-3379.59
297,2021-02-26,-3379.59
300,2021-02-26,-4037.52
303,2021-02-26,-3379.59
306,2021-02-26,-3048.71
309,2021-02-26,-1533.78
2,2021-03-31,-6135.11
3,2021-03-31,-6237.44
4,2021-03-31,-4037.52
8,2021-03-31,-4037.52
15,2021-03-31,-2118.04
19,2021-03-31,-2118.04
30,2021-03-31,-2025.95
31,2021-03-31,-3379.59
32,2021-03-31,-3379.59
37,2021-03-31,-4355.30
40,2021-03-31,-4037.52
43,2021-03-31,-3379.59
49,2021-03-31,-2118.04
51,2021-03-31,-2118.04
57,2021-03-31,-2118.04
64,2021-03-31,-6135.11
70,2021-03-31,-6135.11
71,2021-03-31,-6237.44
75,2021-03-31,-2351.02
83,2021-03-31,-3232.65
86,2021-03-31,-3379.59
94,2021-03-31,-4037.52
97,2021-03-31,-3379.59
98,2021-03-31,-4934.09
100,2021-03-31,-4355.30
103,2021-03-31,-3379.59
105,2021-03-31,-6237.44
106,2021-03-31,-4037.52
112,2021-03-31,-3379.59
116,2021-03-31,-2118.04
125,2021-03-31,-2118.04
126,2021-03-31,-3432.41
128,2021-03-31,-3861.98
129,2021-03-31,-2118.04
132,2021-03-31,-3085.71
133,2021-03-31,-3526.53
134,2021-03-31,-6401.85
135,2021-03-31,-3861.98
139,2021-03-31,-2118.04
146,2021-03-31,-3379.59
150,2021-03-31,-2118.04
158,2021-03-31,-2938.77
160,2021-03-31,-1473.42
162,2021-03-31,-4739.70
165,2021-03-31,-4934.09
167,2021-03-31,-3379.59
170,2021-03-31,-2351.02
171,2021-03-31,-3787.22
181,2021-03-31,-4505.04
187,2021-03-31,-3379.59
189,2021-03-31,-2351.02
193,2021-03-31,-4037.52
195,2021-03-31,-4037.52
196,2021-03-31,-3673.47
203,2021-03-31,-3379.59
204,2021-03-31,-2118.04
206,2021-03-31,-3379.59
209,2021-03-31,-3379.59
212,2021-03-31,-2118.04
213,2021-03-31,-4934.09
223,2021-03-31,-2394.31
225,2021-03-31,-4037.52
236,2021-03-31,-4719.56
237,2021-03-31,-4037.52
238,2021-03-31,-2118.04
239,2021-03-31,-2118.04
243,2021-03-31,-4934.09
246,2021-03-31,-4037.52
248,2021-03-31,-4213.06
250,2021-03-31,-6237.44
253,2021-03-31,-4037.52
255,2021-03-31,-3379.59
261,2021-03-31,-2118.04
262,2021-03-31,-2808.71
266,2021-03-31,-4355.30
268,2021-03-31,-3379.59
270,2021-03-31,-4037.52
271,2021-03-31,-6135.11
274,2021-03-31,-2118.04
275,2021-03-31,-4355.30
276,2021-03-31,-3967.34
281,2021-03-31,-3379.59
282,2021-03-31,-2118.04
283,2021-03-31,-2394.31
289,2021-03-31,-2118.04
290,2021-03-31,-3379.59
292,2021-03-31,-3379.59
293,2021-03-31,-3379.59
295,2021-03-31,-3379.59
297,2021-03-31,-3379.59
300,2021-03-31,-4213.06
303,2021-03-31,-3379.59
306,2021-03-31,-4355.30
309,2021-03-31,-6135.11
315,2021-03-31,-3408.50
320,2021-03-31,-1175.51
2,2021-04-30,-6135.11
3,2021-04-30,-6237.44
4,2021-04-30,-4037.52
8,2021-04-30,-2936.38
15,2021-04-30,-2406.86
19,2021-04-30,-1829.22
30,2021-04-30,-2118.04
31,2021-04-30,-3379.59
32,2021-04-30,-3379.59
37,2021-04-30,-3761.40
40,2021-04-30,-4037.52
43,2021-04-30,-3379.59
49,2021-04-30,-2118.04
51,2021-04-30,-2118.04
57,2021-04-30,-2118.04
64,2021-04-30,-6135.11
70,2021-04-30,-6135.11
71,2021-04-30,-5103.36
75,2021-04-30,-3379.59
83,2021-04-30,-3379.59
86,2021-04-30,-2457.88
94,2021-04-30,-4221.04
97,2021-04-30,-3225.97
98,2021-04-30,-4934.09
100,2021-04-30,-4355.30
103,2021-04-30,-3379.59
105,2021-04-30,-5953.92
106,2021-04-30,-1835.24
112,2021-04-30,-3379.59
116,2021-04-30,-1540.39
125,2021-04-30,-2118.04
126,2021-04-30,-4934.09
128,2021-04-30,-4037.52
129,2021-04-30,-2118.04
132,2021-04-30,-3379.59
133,2021-04-30,-3379.59
134,2021-04-30,-6135.11
135,2021-04-30,-4588.09
139,2021-04-30,-1444.12
146,2021-04-30,-3379.59
150,2021-04-30,-2118.04
158,2021-04-30,-3379.59
160,2021-04-30,-2118.04
162,2021-04-30,-4037.52
165,2021-04-30,-4934.09
167,2021-04-30,-3379.59
170,2021-04-30,-3379.59
171,2021-04-30,-4157.33
181,2021-04-30,-4934.09
187,2021-04-30,-3379.59
189,2021-04-30,-3379.59
193,2021-04-30,-3119.90
195,2021-04-30,-4404.57
196,2021-04-30,-3379.59
203,2021-04-30,-3379.59
204,2021-04-30,-2118.04
206,2021-04-30,-3379.59
209,2021-04-30,-3379.59
212,2021-04-30,-1925.49
213,2021-04-30,-4934.09
223,2021-04-30,-2214.31
225,2021-04-30,-2936.38
236,2021-04-30,-4934.09
237,2021-04-30,-3854.00
238,2021-04-30,-2118.04
239,2021-04-30,-1829.22
243,2021-04-30,-3812.71
246,2021-04-30,-3486.95
248,2021-04-30,-4037.52
250,2021-04-30,-4536.32
253,2021-04-30,-3670.47
255,2021-04-30,-3379.59
261,2021-04-30,-2118.04
262,2021-04-30,-4037.52
266,2021-04-30,-4355.30
268,2021-04-30,-2918.74
270,2021-04-30,-2752.85
271,2021-04-30,-6971.72
274,2021-04-30,-2118.04
275,2021-04-30,-3959.36
276,2021-04-30,-3379.59
281,2021-04-30,-3686.83
282,2021-04-30,-2214.31
283,2021-04-30,-1540.39
289,2021-04-30,-2118.04
290,2021-04-30,-3379.59
292,2021-04-30,-3379.59
293,2021-04-30,-3379.59
295,2021-04-30,-3840.44
297,2021-04-30,-2765.12
300,2021-04-30,-4037.52
303,2021-04-30,-3379.59
306,2021-04-30,-4355.30
309,2021-04-30,-6135.11
315,2021-04-30,-2969.52
320,2021-04-30,-3379.59
330,2021-04-30,-1997.03
2,2021-05-31,-6135.11
3,2021-05-31,-6237.44
4,2021-05-31,-4037.52
8,2021-05-31,-3268.47
15,2021-05-31,-1512.89
19,2021-05-31,-1714.60
30,2021-05-31,-2118.04
31,2021-05-31,-3379.59
32,2021-05-31,-3379.59
37,2021-05-31,-4355.30
40,2021-05-31,-3652.99
43,2021-05-31,-3379.59
49,2021-05-31,-2118.04
51,2021-05-31,-1714.60
57,2021-05-31,-1613.74
64,2021-05-31,-6135.11
70,2021-05-31,-7011.55
71,2021-05-31,-6237.44
75,2021-05-31,-4023.32
83,2021-05-31,-3379.59
86,2021-05-31,-2735.86
94,2021-05-31,-2883.94
97,2021-05-31,-3379.59
98,2021-05-31,-4934.09
100,2021-05-31,-4355.30
103,2021-05-31,-3379.59
105,2021-05-31,-4752.34
112,2021-05-31,-2574.93
116,2021-05-31,-1512.89
125,2021-05-31,-2118.04
126,2021-05-31,-4934.09
128,2021-05-31,-4614.31
129,2021-05-31,-1613.74
132,2021-05-31,-3379.59
133,2021-05-31,-3379.59
134,2021-05-31,-6135.11
135,2021-05-31,-4037.52
139,2021-05-31,-2118.04
146,2021-05-31,-3540.52
150,2021-05-31,-2017.18
158,2021-05-31,-3540.52
160,2021-05-31,-2118.04
162,2021-05-31,-4037.52
165,2021-05-31,-4934.09
167,2021-05-31,-3379.59
170,2021-05-31,-3379.59
171,2021-05-31,-4355.30
181,2021-05-31,-4464.18
187,2021-05-31,-3862.39
189,2021-05-31,-3379.59
193,2021-05-31,-4037.52
195,2021-05-31,-4037.52
196,2021-05-31,-3379.59
203,2021-05-31,-3379.59
204,2021-05-31,-2118.04
206,2021-05-31,-3379.59
209,2021-05-31,-2413.99
212,2021-05-31,-2118.04
213,2021-05-31,-4934.09
223,2021-05-31,-2521.48
225,2021-05-31,-1153.58
236,2021-05-31,-4699.13
237,2021-05-31,-4614.31
238,2021-05-31,-2118.04
239,2021-05-31,-1412.03
243,2021-05-31,-4934.09
246,2021-05-31,-3268.47
248,2021-05-31,-4037.52
250,2021-05-31,-6237.44
253,2021-05-31,-4037.52
255,2021-05-31,-2735.86
261,2021-05-31,-1815.46
262,2021-05-31,-4806.57
266,2021-05-31,-4355.30
268,2021-05-31,-3379.59
270,2021-05-31,-4037.52
271,2021-05-31,-7011.55
274,2021-05-31,-2118.04
275,2021-05-31,-3940.51
276,2021-05-31,-3379.59
281,2021-05-31,-3379.59
282,2021-05-31,-2118.04
289,2021-05-31,-2118.04
290,2021-05-31,-3379.59
292,2021-05-31,-3379.59
293,2021-05-31,-2574.93
295,2021-05-31,-3862.39
300,2021-05-31,-3268.47
303,2021-05-31,-3379.59
306,2021-05-31,-4355.30
309,2021-05-31,-6135.11
315,2021-05-31,-4355.30
320,2021-05-31,-3379.59
330,2021-05-31,-3218.66
334,2021-05-31,-4934.09
339,2021-05-31,-2253.06
341,2021-05-31,-1770.26
342,2021-05-31,-1109.45
346,2021-05-31,-1168.59
2,2021-06-30,-6135.11
3,2021-06-30,-6237.44
4,2021-06-30,-4037.52
8,2021-06-30,-4037.52
15,2021-06-30,-2214.31
19,2021-06-30,-2118.04
30,2021-06-30,-2021.77
31,2021-06-30,-3379.59
32,2021-06-30,-3379.59
37,2021-06-30,-3959.36
40,2021-06-30,-4037.52
43,2021-06-30,-3379.59
49,2021-06-30,-1636.67
51,2021-06-30,-2118.04
57,2021-06-30,-1925.49
64,2021-06-30,-6135.11
70,2021-06-30,-6135.11
71,2021-06-30,-6237.44
75,2021-06-30,-3379.59
83,2021-06-30,-3379.59
86,2021-06-30,-3379.59
94,2021-06-30,-4588.09
97,2021-06-30,-2611.50
98,2021-06-30,-4934.09
100,2021-06-30,-3167.49
103,2021-06-30,-3379.59
105,2021-06-30,-7088.00
112,2021-06-30,-2304.27
116,2021-06-30,-1636.67
125,2021-06-30,-1540.39
126,2021-06-30,-4934.09
128,2021-06-30,-3670.47
129,2021-06-30,-2118.04
132,2021-06-30,-3379.59
133,2021-06-30,-3379.59
135,2021-06-30,-4037.52
139,2021-06-30,-1829.22
146,2021-06-30,-3379.59
150,2021-06-30,-2118.04
158,2021-06-30,-3379.59
160,2021-06-30,-1444.12
162,2021-06-30,-4037.52
165,2021-06-30,-4036.98
167,2021-06-30,-3379.59
170,2021-06-30,-3533.21
171,2021-06-30,-4355.30
181,2021-06-30,-4709.81
187,2021-06-30,-3379.59
189,2021-06-30,-3379.59
193,2021-06-30,-4037.52
195,2021-06-30,-4037.52
196,2021-06-30,-3379.59
203,2021-06-30,-3379.59
204,2021-06-30,-2214.31
206,2021-06-30,-3379.59
209,2021-06-30,-3994.06
212,2021-06-30,-2118.04
213,2021-06-30,-4934.09
223,2021-06-30,-2118.04
236,2021-06-30,-4934.09
237,2021-06-30,-2936.38
238,2021-06-30,-1444.12
239,2021-06-30,-2118.04
243,2021-06-30,-5382.64
246,2021-06-30,-4037.52
248,2021-06-30,-3670.47
250,2021-06-30,-6237.44
253,2021-06-30,-4221.04
255,2021-06-30,-2918.74
261,2021-06-30,-2118.04
262,2021-06-30,-4037.52
266,2021-06-30,-4355.30
268,2021-06-30,-3379.59
270,2021-06-30,-3486.95
271,2021-06-30,-6413.98
274,2021-06-30,-2118.04
275,2021-06-30,-4355.30
276,2021-06-30,-2304.27
281,2021-06-30,-3379.59
282,2021-06-30,-2118.04
289,2021-06-30,-2118.04
290,2021-06-30,-3379.59
292,2021-06-30,-3379.59
293,2021-06-30,-3379.59
295,2021-06-30,-3379.59
300,2021-06-30,-2936.38
303,2021-06-30,-3379.59
306,2021-06-30,-4355.30
309,2021-06-30,-6135.11
315,2021-06-30,-3563.43
320,2021-06-30,-2611.50
334,2021-06-30,-4934.09
339,2021-06-30,-3379.59
341,2021-06-30,-3379.59
342,2021-06-30,-2118.04
346,2021-06-30,-6135.11
350,2021-06-30,-1252.00
354,2021-06-30,-1636.67
355,2021-06-30,-3588.43
360,2021-06-30,-770.20
2,2021-07-30,-6135.11
3,2021-07-30,-6237.44
4,2021-07-30,-4037.52
8,2021-07-30,-3854.00
15,2021-07-30,-2118.04
19,2021-07-30,-2118.04
30,2021-07-30,-1925.49
31,2021-07-30,-3533.21
32,2021-07-30,-3379.59
37,2021-07-30,-4355.30
40,2021-07-30,-2752.85
43,2021-07-30,-2765.12
49,2021-07-30,-2310.59
51,2021-07-30,-2118.04
64,2021-07-30,-5856.24
70,2021-07-30,-6135.11
71,2021-07-30,-6237.44
75,2021-07-30,-3379.59
83,2021-07-30,-3379.59
86,2021-07-30,-2765.12
94,2021-07-30,-3854.00
97,2021-07-30,-2765.12
98,2021-07-30,-4934.09
100,2021-07-30,-4355.30
103,2021-07-30,-3379.59
105,2021-07-30,-6237.44
112,2021-07-30,-3379.59
116,2021-07-30,-2118.04
125,2021-07-30,-2118.04
126,2021-07-30,-4934.09
128,2021-07-30,-4037.52
129,2021-07-30,-2118.04
132,2021-07-30,-2457.88
133,2021-07-30,-2918.74
135,2021-07-30,-4037.52
139,2021-07-30,-2118.04
146,2021-07-30,-3379.59
150,2021-07-30,-2118.04
158,2021-07-30,-3379.59
160,2021-07-30,-2118.04
162,2021-07-30,-4037.52
165,2021-07-30,-4934.09
167,2021-07-30,-3379.59
170,2021-07-30,-3379.59
171,2021-07-30,-4949.20
181,2021-07-30,-4934.09
187,2021-07-30,-3379.59
189,2021-07-30,-3379.59
193,2021-07-30,-3119.90
195,2021-07-30,-3119.90
196,2021-07-30,-3379.59
203,2021-07-30,-3379.59
204,2021-07-30,-2406.86
206,2021-07-30,-3533.21
209,2021-07-30,-3379.59
212,2021-07-30,-2118.04
213,2021-07-30,-4934.09
223,2021-07-30,-2118.04
236,2021-07-30,-4934.09
237,2021-07-30,-2752.85
238,2021-07-30,-1636.67
239,2021-07-30,-2118.04
243,2021-07-30,-4934.09
246,2021-07-30,-4037.52
248,2021-07-30,-4037.52
250,2021-07-30,-7088.00
253,2021-07-30,-4037.52
255,2021-07-30,-3379.59
261,2021-07-30,-2118.04
262,2021-07-30,-4037.52
266,2021-07-30,-4355.30
268,2021-07-30,-3379.59
270,2021-07-30,-4037.52
271,2021-07-30,-6135.11
274,2021-07-30,-2310.59
275,2021-07-30,-4355.30
281,2021-07-30,-3379.59
282,2021-07-30,-2118.04
289,2021-07-30,-2118.04
290,2021-07-30,-3379.59
292,2021-07-30,-3072.35
293,2021-07-30,-3379.59
295,2021-07-30,-3533.21
300,2021-07-30,-4771.61
303,2021-07-30,-3379.59
306,2021-07-30,-4355.30
309,2021-07-30,-4740.77
315,2021-07-30,-4355.30
320,2021-07-30,-3379.59
334,2021-07-30,-4934.09
339,2021-07-30,-3072.35
341,2021-07-30,-3686.83
342,2021-07-30,-2118.04
346,2021-07-30,-6135.11
354,2021-07-30,-2118.04
355,2021-07-30,-4934.09
360,2021-07-30,-2118.04
362,2021-07-30,-6135.11
366,2021-07-30,-1829.22
368,2021-07-30,-1540.39
369,2021-07-30,-2304.27
373,2021-07-30,-1536.18
375,2021-07-30,-1417.60
377,2021-07-30,-734.09
2,2021-08-31,-6135.11
3,2021-08-31,-6237.44
4,2021-08-31,-3670.47
8,2021-08-31,-3303.43
15,2021-08-31,-2118.04
19,2021-08-31,-2118.04
30,2021-08-31,-2118.04
31,2021-08-31,-3379.59
32,2021-08-31,-3379.59
37,2021-08-31,-4355.30
40,2021-08-31,-4037.52
43,2021-08-31,-3379.59
49,2021-08-31,-2118.04
51,2021-08-31,-2118.04
64,2021-08-31,-6135.11
70,2021-08-31,-7250.58
71,2021-08-31,-6237.44
75,2021-08-31,-3379.59
83,2021-08-31,-3379.59
86,2021-08-31,-3379.59
94,2021-08-31,-2936.38
97,2021-08-31,-3379.59
98,2021-08-31,-4934.09
100,2021-08-31,-4355.30
103,2021-08-31,-3379.59
105,2021-08-31,-6804.48
112,2021-08-31,-3994.06
116,2021-08-31,-2118.04
125,2021-08-31,-2118.04
126,2021-08-31,-4934.09
128,2021-08-31,-4037.52
129,2021-08-31,-2021.77
132,2021-08-31,-3379.59
133,2021-08-31,-3379.59
135,2021-08-31,-4037.52
139,2021-08-31,-2021.77
146,2021-08-31,-3379.59
150,2021-08-31,-2118.04
158,2021-08-31,-3379.59
160,2021-08-31,-2118.04
162,2021-08-31,-4037.52
165,2021-08-31,-4934.09
167,2021-08-31,-3686.83
170,2021-08-31,-3379.59
171,2021-08-31,-2969.52
181,2021-08-31,-4036.98
187,2021-08-31,-3379.59
189,2021-08-31,-3379.59
193,2021-08-31,-3854.00
195,2021-08-31,-3119.90
196,2021-08-31,-3379.59
203,2021-08-31,-3379.59
204,2021-08-31,-2118.04
206,2021-08-31,-3379.59
209,2021-08-31,-2765.12
212,2021-08-31,-2118.04
213,2021-08-31,-5831.20
223,2021-08-31,-2118.04
236,2021-08-31,-4934.09
237,2021-08-31,-4037.52
238,2021-08-31,-1444.12
239,2021-08-31,-2021.77
243,2021-08-31,-4934.09
246,2021-08-31,-4037.52
248,2021-08-31,-4404.57
250,2021-08-31,-6237.44
253,2021-08-31,-4037.52
255,2021-08-31,-2457.88
261,2021-08-31,-2118.04
262,2021-08-31,-4771.61
266,2021-08-31,-2969.52
268,2021-08-31,-3225.97
270,2021-08-31,-4037.52
271,2021-08-31,-6135.11
274,2021-08-31,-2118.04
275,2021-08-31,-4355.30
281,2021-08-31,-3379.59
282,2021-08-31,-2118.04
289,2021-08-31,-2118.04
290,2021-08-31,-3379.59
292,2021-08-31,-3379.59
293,2021-08-31,-3379.59
295,2021-08-31,-3686.83
300,2021-08-31,-4037.52
303,2021-08-31,-3379.59
306,2021-08-31,-4157.33
309,2021-08-31,-6135.11
315,2021-08-31,-4553.27
320,2021-08-31,-2611.50
334,2021-08-31,-4934.09
339,2021-08-31,-3379.59
341,2021-08-31,-3379.59
342,2021-08-31,-2118.04
346,2021-08-31,-6135.11
354,2021-08-31,-1829.22
355,2021-08-31,-4934.09
360,2021-08-31,-1732.94
362,2021-08-31,-4740.77
366,2021-08-31,-1732.94
368,2021-08-31,-2118.04
369,2021-08-31,-3379.59
373,2021-08-31,-3379.59
375,2021-08-31,-5670.40
377,2021-08-31,-4037.52
378,2021-08-31,-3072.35
383,2021-08-31,-2304.27
385,2021-08-31,-1059.02
391,2021-08-31,-550.57
2,2021-09-30,-5298.50
3,2021-09-30,-6237.44
4,2021-09-30,-4037.52
8,2021-09-30,-4037.52
15,2021-09-30,-1829.22
19,2021-09-30,-2118.04
30,2021-09-30,-1636.67
31,2021-09-30,-3379.59
32,2021-09-30,-3379.59
37,2021-09-30,-4355.30
40,2021-09-30,-4037.52
43,2021-09-30,-3379.59
49,2021-09-30,-2118.04
51,2021-09-30,-1540.39
64,2021-09-30,-6135.11
70,2021-09-30,-4740.77
71,2021-09-30,-6237.44
75,2021-09-30,-3379.59
83,2021-09-30,-3379.59
86,2021-09-30,-3379.59
94,2021-09-30,-2752.85
97,2021-09-30,-3379.59
98,2021-09-30,-4934.09
100,2021-09-30,-4355.30
103,2021-09-30,-3379.59
105,2021-09-30,-6237.44
112,2021-09-30,-3225.97
116,2021-09-30,-1540.39
125,2021-09-30,-2118.04
126,2021-09-30,-4934.09
128,2021-09-30,-2752.85
129,2021-09-30,-2118.04
132,2021-09-30,-3379.59
133,2021-09-30,-3379.59
135,2021-09-30,-2752.85
139,2021-09-30,-1925.49
146,2021-09-30,-3379.59
150,2021-09-30,-2118.04
158,2021-09-30,-2611.50
160,2021-09-30,-2118.04
162,2021-09-30,-4037.52
165,2021-09-30,-4934.09
167,2021-09-30,-3379.59
170,2021-09-30,-3379.59
171,2021-09-30,-4355.30
181,2021-09-30,-5606.92
187,2021-09-30,-3379.59
189,2021-09-30,-3379.59
193,2021-09-30,-4037.52
195,2021-09-30,-4037.52
196,2021-09-30,-3072.35
203,2021-09-30,-3379.59
204,2021-09-30,-2118.04
206,2021-09-30,-3379.59
209,2021-09-30,-3379.59
212,2021-09-30,-2118.04
213,2021-09-30,-4485.54
223,2021-09-30,-2118.04
236,2021-09-30,-4934.09
237,2021-09-30,-4037.52
238,2021-09-30,-2310.59
239,2021-09-30,-2118.04
243,2021-09-30,-4934.09
246,2021-09-30,-3670.47
248,2021-09-30,-4037.52
250,2021-09-30,-6237.44
253,2021-09-30,-2936.38
255,2021-09-30,-3379.59
261,2021-09-30,-2118.04
262,2021-09-30,-4037.52
266,2021-09-30,-4355.30
268,2021-09-30,-3379.59
270,2021-09-30,-4037.52
271,2021-09-30,-6135.11
274,2021-09-30,-1636.67
275,2021-09-30,-3761.40
281,2021-09-30,-2765.12
282,2021-09-30,-2406.86
289,2021-09-30,-481.37
290,2021-09-30,-3379.59
292,2021-09-30,-3840.44
293,2021-09-30,-3379.59
295,2021-09-30,-3379.59
300,2021-09-30,-2936.38
303,2021-09-30,-3379.59
306,2021-09-30,-3365.46
309,2021-09-30,-6971.72
315,2021-09-30,-4355.30
320,2021-09-30,-3379.59
334,2021-09-30,-4934.09
339,2021-09-30,-3379.59
341,2021-09-30,-3840.44
342,2021-09-30,-2118.04
346,2021-09-30,-6135.11
354,2021-09-30,-2214.31
355,2021-09-30,-5606.92
362,2021-09-30,-6135.11
366,2021-09-30,-2406.86
368,2021-09-30,-2118.04
369,2021-09-30,-3379.59
373,2021-09-30,-3379.59
375,2021-09-30,-6237.44
377,2021-09-30,-4037.52
378,2021-09-30,-2918.74
383,2021-09-30,-3379.59
385,2021-09-30,-2310.59
391,2021-09-30,-3303.43
404,2021-09-30,-2509.82
405,2021-09-30,-385.10
2,2021-10-29,-5258.67
3,2021-10-29,-6237.44
4,2021-10-29,-4037.52
8,2021-10-29,-4614.31
15,2021-10-29,-2118.04
19,2021-10-29,-1512.89
30,2021-10-29,-2118.04
31,2021-10-29,-3540.52
32,2021-10-29,-3379.59
37,2021-10-29,-4355.30
40,2021-10-29,-4037.52
43,2021-10-29,-3379.59
49,2021-10-29,-2118.04
51,2021-10-29,-1412.03
64,2021-10-29,-6135.11
70,2021-10-29,-5550.81
71,2021-10-29,-6237.44
75,2021-10-29,-3379.59
83,2021-10-29,-3057.72
86,2021-10-29,-3379.59
94,2021-10-29,-4037.52
97,2021-10-29,-3379.59
98,2021-10-29,-4934.09
100,2021-10-29,-4355.30
103,2021-10-29,-3379.59
105,2021-10-29,-6237.44
112,2021-10-29,-3379.59
116,2021-10-29,-2118.04
125,2021-10-29,-2319.76
126,2021-10-29,-4934.09
128,2021-10-29,-3076.21
129,2021-10-29,-1512.89
132,2021-10-29,-2253.06
133,2021-10-29,-2896.79
135,2021-10-29,-3268.47
139,2021-10-29,-1714.60
146,2021-10-29,-3701.46
150,2021-10-29,-2118.04
158,2021-10-29,-3218.66
160,2021-10-29,-2319.76
162,2021-10-29,-4037.52
165,2021-10-29,-4934.09
167,2021-10-29,-3379.59
170,2021-10-29,-3540.52
171,2021-10-29,-5184.88
181,2021-10-29,-4934.09
187,2021-10-29,-2574.93
189,2021-10-29,-3057.72
193,2021-10-29,-4037.52
195,2021-10-29,-4037.52
196,2021-10-29,-3379.59
203,2021-10-29,-3379.59
204,2021-10-29,-1916.32
206,2021-10-29,-3379.59
209,2021-10-29,-3379.59
212,2021-10-29,-1512.89
213,2021-10-29,-4934.09
223,2021-10-29,-2118.04
236,2021-10-29,-4934.09
237,2021-10-29,-4037.52
238,2021-10-29,-2118.04
239,2021-10-29,-2017.18
243,2021-10-29,-4699.13
246,2021-10-29,-4806.57
248,2021-10-29,-3268.47
250,2021-10-29,-6237.44
253,2021-10-29,-4037.52
255,2021-10-29,-3379.59
261,2021-10-29,-2118.04
262,2021-10-29,-4806.57
266,2021-10-29,-4355.30
268,2021-10-29,-2574.93
270,2021-10-29,-4037.52
271,2021-10-29,-6135.11
274,2021-10-29,-2118.04
275,2021-10-29,-3733.11
281,2021-10-29,-3379.59
282,2021-10-29,-2118.04
290,2021-10-29,-2253.06
292,2021-10-29,-3540.52
293,2021-10-29,-3379.59
295,2021-10-29,-3379.59
300,2021-10-29,-4037.52
303,2021-10-29,-3379.59
306,2021-10-29,-4355.30
309,2021-10-29,-6135.11
315,2021-10-29,-4355.30
320,2021-10-29,-3379.59
334,2021-10-29,-4934.09
339,2021-10-29,-3379.59
341,2021-10-29,-3379.59
342,2021-10-29,-2118.04
346,2021-10-29,-6135.11
354,2021-10-29,-1311.17
355,2021-10-29,-3759.31
362,2021-10-29,-6135.11
366,2021-10-29,-2118.04
368,2021-10-29,-2118.04
369,2021-10-29,-3379.59
373,2021-10-29,-3379.59
375,2021-10-29,-6534.46
377,2021-10-29,-4037.52
378,2021-10-29,-3379.59
383,2021-10-29,-3379.59
385,2021-10-29,-2118.04
391,2021-10-29,-4037.52
404,2021-10-29,-7303.70
405,2021-10-29,-2118.04
406,2021-10-29,-5842.96
408,2021-10-29,-3057.72
413,2021-10-29,-961.31
416,2021-10-29,-414.79
417,2021-10-29,-100.86
2,2021-11-30,-6135.11
3,2021-11-30,-4252.80
4,2021-11-30,-4771.61
8,2021-11-30,-4037.52
15,2021-11-30,-1732.94
19,2021-11-30,-2118.04
30,2021-11-30,-2118.04
31,2021-11-30,-3379.59
32,2021-11-30,-3379.59
37,2021-11-30,-4751.24
40,2021-11-30,-4037.52
43,2021-11-30,-3379.59
49,2021-11-30,-1444.12
51,2021-11-30,-2118.04
64,2021-11-30,-6135.11
70,2021-11-30,-6135.11
71,2021-11-30,-6237.44
75,2021-11-30,-2918.74
83,2021-11-30,-3379.59
86,2021-11-30,-3379.59
94,2021-11-30,-4037.52
97,2021-11-30,-3533.21
98,2021-11-30,-5382.64
100,2021-11-30,-4355.30
103,2021-11-30,-3994.06
105,2021-11-30,-6237.44
112,2021-11-30,-3379.59
116,2021-11-30,-2118.04
125,2021-11-30,-2118.04
126,2021-11-30,-4934.09
128,2021-11-30,-3670.47
129,2021-11-30,-2118.04
132,2021-11-30,-3379.59
133,2021-11-30,-3379.59
135,2021-11-30,-4037.52
139,2021-11-30,-2118.04
146,2021-11-30,-3379.59
150,2021-11-30,-2118.04
158,2021-11-30,-3379.59
160,2021-11-30,-2310.59
162,2021-11-30,-4404.57
165,2021-11-30,-4934.09
167,2021-11-30,-3840.44
170,2021-11-30,-3379.59
171,2021-11-30,-3365.46
181,2021-11-30,-4934.09
187,2021-11-30,-3840.44
189,2021-11-30,-3379.59
193,2021-11-30,-4037.52
195,2021-11-30,-2752.85
196,2021-11-30,-2457.88
203,2021-11-30,-3379.59
204,2021-11-30,-2118.04
206,2021-11-30,-3379.59
209,2021-11-30,-3379.59
212,2021-11-30,-2214.31
213,2021-11-30,-4934.09
223,2021-11-30,-2118.04
236,2021-11-30,-4934.09
237,2021-11-30,-4037.52
238,2021-11-30,-2118.04
239,2021-11-30,-2118.04
243,2021-11-30,-4934.09
246,2021-11-30,-2936.38
248,2021-11-30,-4037.52
250,2021-11-30,-6237.44
253,2021-11-30,-3486.95
255,2021-11-30,-3379.59
261,2021-11-30,-1444.12
262,2021-11-30,-4037.52
266,2021-11-30,-4355.30
268,2021-11-30,-3379.59
270,2021-11-30,-4037.52
271,2021-11-30,-6135.11
274,2021-11-30,-2118.04
275,2021-11-30,-5147.17
281,2021-11-30,-2611.50
282,2021-11-30,-2118.04
290,2021-11-30,-3379.59
292,2021-11-30,-2765.12
293,2021-11-30,-3225.97
295,2021-11-30,-3379.59
300,2021-11-30,-2936.38
303,2021-11-30,-3379.59
306,2021-11-30,-4355.30
309,2021-11-30,-6135.11
315,2021-11-30,-4355.30
320,2021-11-30,-3379.59
334,2021-11-30,-4934.09
339,2021-11-30,-3994.06
341,2021-11-30,-3840.44
342,2021-11-30,-1829.22
346,2021-11-30,-6135.11
355,2021-11-30,-4934.09
362,2021-11-30,-6135.11
366,2021-11-30,-2118.04
368,2021-11-30,-2118.04
369,2021-11-30,-3686.83
373,2021-11-30,-3379.59
375,2021-11-30,-5953.92
377,2021-11-30,-4037.52
378,2021-11-30,-3686.83
383,2021-11-30,-3379.59
385,2021-11-30,-2118.04
391,2021-11-30,-4771.61
404,2021-11-30,-6135.11
405,2021-11-30,-2118.04
406,2021-11-30,-6135.11
408,2021-11-30,-2457.88
413,2021-11-30,-4037.52
416,2021-11-30,-3365.46
417,2021-11-30,-2118.04
423,2021-11-30,-2611.50
429,2021-11-30,-1228.94
431,2021-11-30,-1385.78
432,2021-11-30,-673.92
2,2021-12-31,-6385.11
3,2021-12-31,-6487.44
4,2021-12-31,-4287.52
8,2021-12-31,-4287.52
15,2021-12-31,-2552.22
19,2021-12-31,-2368.04
30,2021-12-31,-2368.04
31,2021-12-31,-3629.59
32,2021-12-31,-3188.77
37,2021-12-31,-4415.94
40,2021-12-31,-3585.34
43,2021-12-31,-3629.59
49,2021-12-31,-2368.04
51,2021-12-31,-2368.04
64,2021-12-31,-6385.11
70,2021-12-31,-6385.11
71,2021-12-31,-6487.44
75,2021-12-31,-3629.59
83,2021-12-31,-3629.59
86,2021-12-31,-3629.59
94,2021-12-31,-4287.52
97,2021-12-31,-3629.59
98,2021-12-31,-4540.51
100,2021-12-31,-4605.30
103,2021-12-31,-3629.59
105,2021-12-31,-7572.21
112,2021-12-31,-4217.34
116,2021-12-31,-2460.13
125,2021-12-31,-2368.04
126,2021-12-31,-3682.41
128,2021-12-31,-4463.06
129,2021-12-31,-2368.04
132,2021-12-31,-3629.59
133,2021-12-31,-3629.59
135,2021-12-31,-3585.34
139,2021-12-31,-2368.04
146,2021-12-31,-3629.59
150,2021-12-31,-1723.42
158,2021-12-31,-3629.59
160,2021-12-31,-2368.04
162,2021-12-31,-4287.52
165,2021-12-31,-5184.09
167,2021-12-31,-3335.71
170,2021-12-31,-3629.59
171,2021-12-31,-4605.30
181,2021-12-31,-6042.19
187,2021-12-31,-3629.59
189,2021-12-31,-3629.59
193,2021-12-31,-4814.15
196,2021-12-31,-3629.59
203,2021-12-31,-3629.59
204,2021-12-31,-2644.31
206,2021-12-31,-3923.47
209,2021-12-31,-3041.84
212,2021-12-31,-1999.69
213,2021-12-31,-5184.09
223,2021-12-31,-2368.04
236,2021-12-31,-5827.67
237,2021-12-31,-4463.06
238,2021-12-31,-2368.04
239,2021-12-31,-2368.04
243,2021-12-31,-5184.09
246,2021-12-31,-4287.52
248,2021-12-31,-4287.52
250,2021-12-31,-6487.44
253,2021-12-31,-4287.52
255,2021-12-31,-3482.65
261,2021-12-31,-1999.69
262,2021-12-31,-4287.52
266,2021-12-31,-4605.30
268,2021-12-31,-3335.71
270,2021-12-31,-4287.52
271,2021-12-31,-6385.11
274,2021-12-31,-2368.04
275,2021-12-31,-4605.30
281,2021-12-31,-3041.84
282,2021-12-31,-2368.04
290,2021-12-31,-3629.59
292,2021-12-31,-3629.59
293,2021-12-31,-3629.59
295,2021-12-31,-3629.59
300,2021-12-31,-4287.52
303,2021-12-31,-3629.59
306,2021-12-31,-4605.30
309,2021-12-31,-6385.11
315,2021-12-31,-5173.38
320,2021-12-31,-3629.59
334,2021-12-31,-5827.67
339,2021-12-31,-2601.02
341,2021-12-31,-3629.59
342,2021-12-31,-2368.04
346,2021-12-31,-6385.11
355,2021-12-31,-4325.99
362,2021-12-31,-6385.11
366,2021-12-31,-2552.22
368,2021-12-31,-2368.04
369,2021-12-31,-3629.59
373,2021-12-31,-3629.59
375,2021-12-31,-6487.44
377,2021-12-31,-3585.34
378,2021-12-31,-3923.47
383,2021-12-31,-3629.59
385,2021-12-31,-2368.04
391,2021-12-31,-4287.52
404,2021-12-31,-7185.34
405,2021-12-31,-2368.04
406,2021-12-31,-6385.11
413,2021-12-31,-2808.71
416,2021-12-31,-4605.30
417,2021-12-31,-2368.04
423,2021-12-31,-3629.59
429,2021-12-31,-3629.59
431,2021-12-31,-378.72
432,2021-12-31,-2091.77
438,2021-12-31,-5334.88
441,2021-12-31,-1749.69
442,2021-12-31,-1473.42
444,2021-12-31,-2106.53
446,2021-12-31,-828.80
448,2021-12-31,-552.53
2,2022-01-31,-6315.96
3,2022-01-31,-5502.81
4,2022-01-31,-5057.40
8,2022-01-31,-4248.22
15,2022-01-31,-2329.84
19,2022-01-31,-2329.84
30,2022-01-31,-1997.01
31,2022-01-31,-3554.59
32,2022-01-31,-3723.86
37,2022-01-31,-4656.00
40,2022-01-31,-3641.33
43,2022-01-31,-3554.59
49,2022-01-31,-2329.84
51,2022-01-31,-2329.84
64,2022-01-31,-6315.96
70,2022-01-31,-6616.72
71,2022-01-31,-4279.96
75,2022-01-31,-3554.59
83,2022-01-31,-3554.59
86,2022-01-31,-4231.65
94,2022-01-31,-4248.22
97,2022-01-31,-2877.53
98,2022-01-31,-4676.43
100,2022-01-31,-3104.00
103,2022-01-31,-3554.59
105,2022-01-31,-6419.94
112,2022-01-31,-2877.53
116,2022-01-31,-1886.06
125,2022-01-31,-2329.84
126,2022-01-31,-4184.18
128,2022-01-31,-4248.22
129,2022-01-31,-2329.84
132,2022-01-31,-3554.59
133,2022-01-31,-4231.65
135,2022-01-31,-4248.22
139,2022-01-31,-2662.67
146,2022-01-31,-3554.59
150,2022-01-31,-2440.78
158,2022-01-31,-3554.59
160,2022-01-31,-2773.62
162,2022-01-31,-4450.52
165,2022-01-31,-5907.07
167,2022-01-31,-3554.59
170,2022-01-31,-3554.59
171,2022-01-31,-4656.00
181,2022-01-31,-5414.82
187,2022-01-31,-3723.86
189,2022-01-31,-3723.86
193,2022-01-31,-4248.22
196,2022-01-31,-3554.59
203,2022-01-31,-3893.12
204,2022-01-31,-2329.84
206,2022-01-31,-3216.06
209,2022-01-31,-2877.53
212,2022-01-31,-2329.84
213,2022-01-31,-5168.69
223,2022-01-31,-2662.67
236,2022-01-31,-5168.69
237,2022-01-31,-4248.22
238,2022-01-31,-2329.84
239,2022-01-31,-2329.84
243,2022-01-31,-4430.31
246,2022-01-31,-4248.22
248,2022-01-31,-4248.22
250,2022-01-31,-6419.94
253,2022-01-31,-4248.22
255,2022-01-31,-3554.59
261,2022-01-31,-2329.84
262,2022-01-31,-5057.40
266,2022-01-31,-4656.00
268,2022-01-31,-3385.32
270,2022-01-31,-3236.74
271,2022-01-31,-6315.96
274,2022-01-31,-2440.78
275,2022-01-31,-4656.00
281,2022-01-31,-3554.59
282,2022-01-31,-2329.84
290,2022-01-31,-3554.59
292,2022-01-31,-3554.59
293,2022-01-31,-2538.99
295,2022-01-31,-3554.59
300,2022-01-31,-4248.22
303,2022-01-31,-3385.32
306,2022-01-31,-4656.00
309,2022-01-31,-5413.68
315,2022-01-31,-4656.00
320,2022-01-31,-3554.59
334,2022-01-31,-5168.69
339,2022-01-31,-3554.59
341,2022-01-31,-3554.59
342,2022-01-31,-2329.84
346,2022-01-31,-6315.96
355,2022-01-31,-3691.92
362,2022-01-31,-6315.96
366,2022-01-31,-2329.84
368,2022-01-31,-2218.90
369,2022-01-31,-2538.99
373,2022-01-31,-3554.59
375,2022-01-31,-5197.09
377,2022-01-31,-4248.22
378,2022-01-31,-3554.59
383,2022-01-31,-3554.59
385,2022-01-31,-2329.84
391,2022-01-31,-4248.22
404,2022-01-31,-6315.96
405,2022-01-31,-2329.84
406,2022-01-31,-5714.44
416,2022-01-31,-5542.86
417,2022-01-31,-2329.84
423,2022-01-31,-3554.59
429,2022-01-31,-3216.06
432,2022-01-31,-2329.84
438,2022-01-31,-6315.96
441,2022-01-31,-2329.84
442,2022-01-31,-2329.84
444,2022-01-31,-4248.22
446,2022-01-31,-2329.84
448,2022-01-31,-2329.84
455,2022-01-31,-3554.59
457,2022-01-31,-3236.74
462,2022-01-31,-1861.93
463,2022-01-31,-1692.66
464,2022-01-31,-665.67
466,2022-01-31,-665.67
2,2022-02-28,-6315.96
3,2022-02-28,-6419.94
4,2022-02-28,-2761.34
8,2022-02-28,-4248.22
15,2022-02-28,-2329.84
19,2022-02-28,-1863.87
30,2022-02-28,-2096.86
31,2022-02-28,-3199.13
32,2022-02-28,-3554.59
37,2022-02-28,-4656.00
40,2022-02-28,-4460.63
43,2022-02-28,-4087.78
49,2022-02-28,-2096.86
51,2022-02-28,-2329.84
64,2022-02-28,-6315.96
70,2022-02-28,-6315.96
71,2022-02-28,-6740.94
75,2022-02-28,-3732.32
83,2022-02-28,-3554.59
86,2022-02-28,-3554.59
94,2022-02-28,-5097.86
97,2022-02-28,-3554.59
98,2022-02-28,-5168.69
100,2022-02-28,-4656.00
103,2022-02-28,-3554.59
105,2022-02-28,-6419.94
112,2022-02-28,-3554.59
116,2022-02-28,-2329.84
125,2022-02-28,-2329.84
126,2022-02-28,-5168.69
128,2022-02-28,-4248.22
129,2022-02-28,-2329.84
132,2022-02-28,-3554.59
133,2022-02-28,-3554.59
135,2022-02-28,-4248.22
139,2022-02-28,-2329.84
146,2022-02-28,-3554.59
150,2022-02-28,-2329.84
158,2022-02-28,-3376.86
160,2022-02-28,-2329.84
162,2022-02-28,-4248.22
165,2022-02-28,-5168.69
167,2022-02-28,-4265.51
170,2022-02-28,-3554.59
171,2022-02-28,-4656.00
181,2022-02-28,-5168.69
187,2022-02-28,-3554.59
189,2022-02-28,-2843.67
193,2022-02-28,-4248.22
196,2022-02-28,-3554.59
203,2022-02-28,-3554.59
204,2022-02-28,-2329.84
206,2022-02-28,-3554.59
209,2022-02-28,-3554.59
212,2022-02-28,-2329.84
213,2022-02-28,-5168.69
223,2022-02-28,-2329.84
236,2022-02-28,-6202.43
237,2022-02-28,-4248.22
238,2022-02-28,-2329.84
239,2022-02-28,-2329.84
243,2022-02-28,-5168.69
246,2022-02-28,-4248.22
248,2022-02-28,-4248.22
250,2022-02-28,-6740.94
253,2022-02-28,-3186.16
255,2022-02-28,-3554.59
261,2022-02-28,-1863.87
262,2022-02-28,-3610.99
266,2022-02-28,-3724.80
268,2022-02-28,-3554.59
270,2022-02-28,-4673.04
271,2022-02-28,-6315.96
274,2022-02-28,-2446.33
275,2022-02-28,-4656.00
281,2022-02-28,-4265.51
282,2022-02-28,-2329.84
290,2022-02-28,-3732.32
292,2022-02-28,-2488.21
293,2022-02-28,-3554.59
295,2022-02-28,-3554.59
300,2022-02-28,-4248.22
303,2022-02-28,-2310.48
306,2022-02-28,-3026.40
309,2022-02-28,-6315.96
315,2022-02-28,-4656.00
320,2022-02-28,-3910.05
334,2022-02-28,-4910.26
339,2022-02-28,-3199.13
341,2022-02-28,-3554.59
342,2022-02-28,-2329.84
346,2022-02-28,-6315.96
355,2022-02-28,-5168.69
362,2022-02-28,-6315.96
366,2022-02-28,-2329.84
368,2022-02-28,-1980.36
369,2022-02-28,-4265.51
373,2022-02-28,-3554.59
375,2022-02-28,-5135.95
377,2022-02-28,-4248.22
378,2022-02-28,-3554.59
383,2022-02-28,-3554.59
385,2022-02-28,-2329.84
391,2022-02-28,-3398.58
404,2022-02-28,-6315.96
405,2022-02-28,-2213.35
406,2022-02-28,-6631.76
416,2022-02-28,-4656.00
417,2022-02-28,-2329.84
423,2022-02-28,-3554.59
429,2022-02-28,-3554.59
432,2022-02-28,-2329.84
438,2022-02-28,-6315.96
441,2022-02-28,-2329.84
442,2022-02-28,-2329.84
444,2022-02-28,-4248.22
446,2022-02-28,-2329.84
448,2022-02-28,-2329.84
455,2022-02-28,-3554.59
457,2022-02-28,-1062.06
462,2022-02-28,-2665.94
463,2022-02-28,-3554.59
464,2022-02-28,-2329.84
466,2022-02-28,-1747.38
469,2022-02-28,-5168.69
472,2022-02-28,-355.00
475,2022-02-28,-2843.00
476,2022-02-28,-2584.34
481,2022-02-28,-1164.00
2,2022-03-31,-6315.96
3,2022-03-31,-6140.81
4,2022-03-31,-4248.22
8,2022-03-31,-3694.10
15,2022-03-31,-2329.84
19,2022-03-31,-2329.84
30,2022-03-31,-2127.25
31,2022-03-31,-3554.59
32,2022-03-31,-3554.59
37,2022-03-31,-4656.00
40,2022-03-31,-4248.22
43,2022-03-31,-3554.59
49,2022-03-31,-2735.03
51,2022-03-31,-1924.65
64,2022-03-31,-6315.96
70,2022-03-31,-6315.96
71,2022-03-31,-5861.68
75,2022-03-31,-3554.59
83,2022-03-31,-4018.23
86,2022-03-31,-3554.59
94,2022-03-31,-4248.22
97,2022-03-31,-3554.59
98,2022-03-31,-3820.34
100,2022-03-31,-4656.00
103,2022-03-31,-3554.59
105,2022-03-31,-6419.94
112,2022-03-31,-3554.59
116,2022-03-31,-2532.43
125,2022-03-31,-2228.54
126,2022-03-31,-2247.26
128,2022-03-31,-4248.22
129,2022-03-31,-2329.84
132,2022-03-31,-3554.59
133,2022-03-31,-3554.59
135,2022-03-31,-4248.22
139,2022-03-31,-2329.84
146,2022-03-31,-2627.31
150,2022-03-31,-2329.84
158,2022-03-31,-3245.50
160,2022-03-31,-2329.84
162,2022-03-31,-4248.22
165,2022-03-31,-5168.69
167,2022-03-31,-3554.59
170,2022-03-31,-3554.59
171,2022-03-31,-4656.00
181,2022-03-31,-5168.69
187,2022-03-31,-3554.59
189,2022-03-31,-3245.50
193,2022-03-31,-1108.23
196,2022-03-31,-3400.04
203,2022-03-31,-3554.59
204,2022-03-31,-2329.84
206,2022-03-31,-3554.59
209,2022-03-31,-3554.59
212,2022-03-31,-2329.84
213,2022-03-31,-5168.69
223,2022-03-31,-2329.84
236,2022-03-31,-2921.43
237,2022-03-31,-2955.28
238,2022-03-31,-1823.35
239,2022-03-31,-2329.84
243,2022-03-31,-5168.69
246,2022-03-31,-4248.22
248,2022-03-31,-4248.22
250,2022-03-31,-4466.05
253,2022-03-31,-3878.81
255,2022-03-31,-3554.59
261,2022-03-31,-2329.84
262,2022-03-31,-4617.63
266,2022-03-31,-4656.00
268,2022-03-31,-2627.31
270,2022-03-31,-4248.22
271,2022-03-31,-6315.96
274,2022-03-31,-2329.84
275,2022-03-31,-4656.00
281,2022-03-31,-3090.95
282,2022-03-31,-2329.84
290,2022-03-31,-2472.76
292,2022-03-31,-4172.78
293,2022-03-31,-3554.59
295,2022-03-31,-2163.66
300,2022-03-31,-4248.22
303,2022-03-31,-3554.59
306,2022-03-31,-4656.00
309,2022-03-31,-6315.96
315,2022-03-31,-4656.00
320,2022-03-31,-3554.59
334,2022-03-31,-3595.61
339,2022-03-31,-3554.59
341,2022-03-31,-3400.04
342,2022-03-31,-1620.76
346,2022-03-31,-6315.96
355,2022-03-31,-5168.69
362,2022-03-31,-6315.96
366,2022-03-31,-2532.43
368,2022-03-31,-1620.76
369,2022-03-31,-3554.59
373,2022-03-31,-4172.78
375,2022-03-31,-4745.17
377,2022-03-31,-4248.22
378,2022-03-31,-3554.59
383,2022-03-31,-3554.59
385,2022-03-31,-2329.84
391,2022-03-31,-4248.22
404,2022-03-31,-6315.96
405,2022-03-31,-2329.84
406,2022-03-31,-6315.96
416,2022-03-31,-4656.00
417,2022-03-31,-2431.14
423,2022-03-31,-3554.59
429,2022-03-31,-2627.31
432,2022-03-31,-2329.84
438,2022-03-31,-5766.75
441,2022-03-31,-2025.95
442,2022-03-31,-2329.84
444,2022-03-31,-4248.22
446,2022-03-31,-2329.84
448,2022-03-31,-2633.73
455,2022-03-31,-3245.50
462,2022-03-31,-3554.59
463,2022-03-31,-3554.59
464,2022-03-31,-2329.84
466,2022-03-31,-2329.84
469,2022-03-31,-5168.69
476,2022-03-31,-5168.69
481,2022-03-31,-5060.87
488,2022-03-31,-2127.25
490,2022-03-31,-2025.95
494,2022-03-31,-2401.17
496,2022-03-31,-2401.17
497,2022-03-31,-911.68
501,2022-03-31,-101.30
2,2022-04-29,-6315.96
3,2022-04-29,-6419.94
4,2022-04-29,-4450.52
8,2022-04-29,-3439.04
15,2022-04-29,-2329.84
19,2022-04-29,-2329.84
30,2022-04-29,-2662.67
31,2022-04-29,-3554.59
32,2022-04-29,-4062.39
37,2022-04-29,-4212.57
40,2022-04-29,-4248.22
43,2022-04-29,-3554.59
49,2022-04-29,-2329.84
51,2022-04-29,-2329.84
64,2022-04-29,-6315.96
70,2022-04-29,-6315.96
71,2022-04-29,-6419.94
75,2022-04-29,-3554.59
83,2022-04-29,-3554.59
86,2022-04-29,-3554.59
94,2022-04-29,-4248.22
97,2022-04-29,-3554.59
100,2022-04-29,-3769.14
103,2022-04-29,-3554.59
105,2022-04-29,-6419.94
112,2022-04-29,-3554.59
116,2022-04-29,-2329.84
125,2022-04-29,-2329.84
128,2022-04-29,-4248.22
129,2022-04-29,-1553.23
132,2022-04-29,-3554.59
133,2022-04-29,-3216.06
135,2022-04-29,-4045.92
139,2022-04-29,-2329.84
146,2022-04-29,-3554.59
150,2022-04-29,-2662.67
158,2022-04-29,-3554.59
160,2022-04-29,-2329.84
162,2022-04-29,-4248.22
165,2022-04-29,-5168.69
167,2022-04-29,-3554.59
170,2022-04-29,-3554.59
171,2022-04-29,-4656.00
181,2022-04-29,-5168.69
187,2022-04-29,-3554.59
189,2022-04-29,-3554.59
196,2022-04-29,-3554.59
203,2022-04-29,-3723.86
204,2022-04-29,-1775.12
206,2022-04-29,-3554.59
209,2022-04-29,-3554.59
212,2022-04-29,-2329.84
213,2022-04-29,-5168.69
223,2022-04-29,-2329.84
237,2022-04-29,-4248.22
238,2022-04-29,-2329.84
239,2022-04-29,-2329.84
243,2022-04-29,-5414.82
246,2022-04-29,-4450.52
248,2022-04-29,-3236.74
250,2022-04-29,-4585.67
253,2022-04-29,-4248.22
255,2022-04-29,-3385.32
261,2022-04-29,-2551.73
262,2022-04-29,-4248.22
266,2022-04-29,-4877.71
268,2022-04-29,-3554.59
270,2022-04-29,-5057.40
271,2022-04-29,-5714.44
274,2022-04-29,-2329.84
275,2022-04-29,-4434.29
281,2022-04-29,-3554.59
282,2022-04-29,-2329.84
290,2022-04-29,-3554.59
292,2022-04-29,-3554.59
293,2022-04-29,-3554.59
300,2022-04-29,-4248.22
303,2022-04-29,-3554.59
306,2022-04-29,-4656.00
309,2022-04-29,-6315.96
315,2022-04-29,-1552.00
320,2022-04-29,-3723.86
334,2022-04-29,-3691.92
339,2022-04-29,-3554.59
341,2022-04-29,-3554.59
342,2022-04-29,-2329.84
346,2022-04-29,-6315.96
355,2022-04-29,-5168.69
362,2022-04-29,-6015.20
368,2022-04-29,-2440.78
369,2022-04-29,-4231.65
373,2022-04-29,-3554.59
375,2022-04-29,-5808.52
377,2022-04-29,-4248.22
378,2022-04-29,-3554.59
383,2022-04-29,-3554.59
385,2022-04-29,-2329.84
391,2022-04-29,-4248.22
404,2022-04-29,-6315.96
405,2022-04-29,-2329.84
406,2022-04-29,-6315.96
416,2022-04-29,-4656.00
417,2022-04-29,-2329.84
423,2022-04-29,-4062.39
429,2022-04-29,-3554.59
432,2022-04-29,-2329.84
438,2022-04-29,-4210.64
441,2022-04-29,-2329.84
442,2022-04-29,-2329.84
446,2022-04-29,-2329.84
448,2022-04-29,-2329.84
455,2022-04-29,-3554.59
462,2022-04-29,-3554.59
463,2022-04-29,-3554.59
464,2022-04-29,-2107.95
466,2022-04-29,-1664.17
469,2022-04-29,-5168.69
476,2022-04-29,-738.38
481,2022-04-29,-4656.00
488,2022-04-29,-2551.73
490,2022-04-29,-2551.73
494,2022-04-29,-4248.22
496,2022-04-29,-4248.22
497,2022-04-29,-2662.67
504,2022-04-29,-4045.92
509,2022-04-29,-1553.23
513,2022-04-29,-1523.40
516,2022-04-29,-1011.48
517,2022-04-29,-606.89
518,2022-04-29,-338.53
