person_id,address_id
10,104
13,105
19,106
35,107
43,108
53,109
59,110
62,111
76,112
77,113
90,114
91,115
97,116
99,117
101,118
102,119
103,120
105,121
110,122
116,123
121,124
122,125
130,126
138,127
139,128
142,129
145,130
147,131
155,132
165,133
177,134
179,135
180,136
196,137
197,138
205,139
209,140
210,141
215,142
216,143
232,144
233,145
234,146
241,147
248,148
258,149
260,150
267,151
280,152
282,153
291,154
297,155
298,156
300,157
317,158
321,159
325,160
327,161
338,162
342,163
350,164
354,165
359,166
361,167
371,168
379,169
385,170
388,171
391,172
394,173
404,174
408,175
413,176
416,177
422,178
424,179
428,180
433,181
434,182
438,183
447,184
455,185
464,186
466,187
468,188
473,189
477,190
480,191
482,192
500,193
501,194
508,195
519,196
523,197
527,198
528,199
529,200
537,201
543,202
