person_id,date,position
54,2020-01-07,skip
73,2020-01-07,second
56,2020-01-07,lead
67,2020-01-07,vice
54,2020-01-17,lead
73,2020-01-17,second
56,2020-01-17,vice
67,2020-01-17,skip
63,2020-01-30,vice
123,2020-01-30,second
79,2020-01-30,lead
117,2020-01-30,skip
11,2020-02-01,second
44,2020-02-01,skip
45,2020-02-01,vice
89,2020-02-01,lead
73,2020-02-10,lead
67,2020-02-10,vice
54,2020-02-10,second
56,2020-02-10,skip
67,2020-02-17,lead
54,2020-02-17,vice
73,2020-02-17,second
56,2020-02-17,skip
216,2020-07-02,lead
77,2020-07-02,skip
113,2020-07-02,skip
149,2020-07-02,vice
23,2020-07-02,second
179,2020-07-02,second
190,2020-07-02,lead
90,2020-07-02,vice
67,2020-07-08,vice
41,2020-07-08,second
54,2020-07-08,second
168,2020-07-08,skip
141,2020-07-08,lead
154,2020-07-08,vice
73,2020-07-08,lead
56,2020-07-08,skip
159,2020-07-12,vice
72,2020-07-12,lead
185,2020-07-12,skip
22,2020-07-12,second
9,2020-07-14,lead
109,2020-07-14,skip
45,2020-07-14,skip
157,2020-07-14,vice
46,2020-07-14,lead
164,2020-07-14,vice
89,2020-07-14,vice
217,2020-07-14,skip
214,2020-07-14,skip
186,2020-07-14,second
11,2020-07-14,second
140,2020-07-14,second
25,2020-07-14,second
5,2020-07-14,lead
88,2020-07-14,vice
44,2020-07-14,lead
163,2020-07-15,lead
114,2020-07-15,vice
14,2020-07-15,second
191,2020-07-15,skip
202,2020-07-18,lead
119,2020-07-18,second
227,2020-07-18,skip
124,2020-07-18,vice
82,2020-07-22,lead
24,2020-07-22,vice
173,2020-07-22,vice
176,2020-07-22,skip
120,2020-07-22,skip
178,2020-07-22,lead
119,2020-07-22,lead
124,2020-07-22,skip
96,2020-07-22,second
227,2020-07-22,vice
95,2020-07-22,second
202,2020-07-22,second
58,2020-07-25,second
227,2020-07-25,lead
119,2020-07-25,vice
107,2020-07-25,lead
124,2020-07-25,second
231,2020-07-25,skip
192,2020-07-25,vice
202,2020-07-25,skip
141,2020-07-27,skip
154,2020-07-27,lead
108,2020-07-27,vice
199,2020-07-27,second
96,2020-07-28,vice
178,2020-07-28,second
60,2020-07-28,second
48,2020-07-28,skip
198,2020-07-28,vice
188,2020-07-28,skip
156,2020-07-28,lead
173,2020-07-28,lead
73,2020-07-29,vice
219,2020-07-29,lead
56,2020-07-29,skip
54,2020-07-29,second
44,2020-07-31,second
231,2020-07-31,second
11,2020-07-31,vice
107,2020-07-31,lead
79,2020-07-31,vice
45,2020-07-31,skip
192,2020-07-31,skip
63,2020-07-31,second
123,2020-07-31,skip
58,2020-07-31,vice
183,2020-07-31,lead
89,2020-07-31,lead
140,2020-08-01,vice
183,2020-08-01,second
36,2020-08-01,lead
117,2020-08-01,vice
63,2020-08-01,skip
221,2020-08-01,second
46,2020-08-01,skip
123,2020-08-01,lead
221,2020-08-06,vice
46,2020-08-06,lead
109,2020-08-06,second
164,2020-08-06,skip
102,2020-08-07,skip
121,2020-08-07,vice
44,2020-08-07,vice
89,2020-08-07,lead
147,2020-08-07,lead
215,2020-08-07,second
173,2020-08-07,second
157,2020-08-07,skip
25,2020-08-07,second
178,2020-08-07,lead
120,2020-08-07,skip
218,2020-08-07,vice
182,2020-08-07,lead
45,2020-08-07,second
115,2020-08-07,skip
38,2020-08-07,second
74,2020-08-07,lead
11,2020-08-07,skip
9,2020-08-07,vice
96,2020-08-07,vice
157,2020-08-08,second
9,2020-08-08,skip
217,2020-08-08,lead
74,2020-08-08,vice
190,2020-08-09,skip
149,2020-08-09,second
113,2020-08-09,vice
230,2020-08-09,lead
176,2020-08-15,skip
24,2020-08-15,lead
222,2020-08-15,second
207,2020-08-15,lead
95,2020-08-15,second
118,2020-08-15,skip
82,2020-08-15,vice
228,2020-08-15,vice
109,2020-08-16,skip
46,2020-08-16,second
36,2020-08-16,vice
164,2020-08-16,lead
185,2020-08-18,lead
104,2020-08-18,second
201,2020-08-18,skip
72,2020-08-18,skip
81,2020-08-18,lead
183,2020-08-18,second
117,2020-08-18,vice
159,2020-08-18,vice
22,2020-08-18,second
79,2020-08-18,skip
123,2020-08-18,lead
226,2020-08-18,vice
190,2020-08-20,lead
230,2020-08-20,second
113,2020-08-20,vice
149,2020-08-20,skip
123,2020-08-23,vice
27,2020-08-23,skip
117,2020-08-23,skip
182,2020-08-23,lead
38,2020-08-23,vice
79,2020-08-23,second
63,2020-08-23,lead
115,2020-08-23,second
207,2020-08-24,vice
228,2020-08-24,lead
222,2020-08-24,skip
118,2020-08-24,second
54,2020-08-25,skip
219,2020-08-25,vice
56,2020-08-25,lead
67,2020-08-25,second
149,2020-08-27,second
24,2020-08-27,vice
230,2020-08-27,vice
82,2020-08-27,skip
190,2020-08-27,lead
113,2020-08-27,skip
176,2020-08-27,lead
95,2020-08-27,second
173,2020-08-29,vice
157,2020-08-29,skip
9,2020-08-29,vice
178,2020-08-29,second
74,2020-08-29,second
217,2020-08-29,lead
120,2020-08-29,lead
188,2020-08-29,skip
74,2020-08-30,vice
217,2020-08-30,lead
245,2020-08-30,second
25,2020-08-30,skip
168,2020-09-03,second
141,2020-09-03,vice
108,2020-09-03,lead
41,2020-09-03,skip
77,2020-09-04,vice
233,2020-09-04,second
90,2020-09-04,lead
179,2020-09-04,skip
247,2020-09-05,skip
74,2020-09-05,vice
226,2020-09-05,lead
81,2020-09-05,second
25,2020-09-05,lead
201,2020-09-05,vice
157,2020-09-05,skip
9,2020-09-05,second
231,2020-09-08,skip
107,2020-09-08,lead
192,2020-09-08,vice
58,2020-09-08,second
138,2020-09-09,second
141,2020-09-09,lead
197,2020-09-09,skip
136,2020-09-09,lead
14,2020-09-09,vice
154,2020-09-09,vice
41,2020-09-09,second
168,2020-09-09,skip
10,2020-09-09,lead
210,2020-09-09,vice
114,2020-09-09,second
166,2020-09-09,skip
219,2020-09-11,skip
54,2020-09-11,vice
67,2020-09-11,lead
56,2020-09-11,second
104,2020-09-12,vice
81,2020-09-12,skip
247,2020-09-12,lead
226,2020-09-12,second
59,2020-09-18,vice
62,2020-09-18,skip
234,2020-09-18,second
138,2020-09-18,lead
179,2020-09-19,lead
90,2020-09-19,vice
77,2020-09-19,second
233,2020-09-19,skip
168,2020-09-21,second
41,2020-09-21,skip
154,2020-09-21,lead
108,2020-09-21,vice
33,2020-09-23,second
63,2020-09-23,skip
123,2020-09-23,vice
117,2020-09-23,lead
46,2020-09-25,vice
109,2020-09-25,lead
140,2020-09-25,second
179,2020-09-25,second
233,2020-09-25,skip
90,2020-09-25,vice
221,2020-09-25,skip
77,2020-09-25,lead
124,2020-09-28,vice
159,2020-09-28,lead
185,2020-09-28,second
259,2020-09-28,skip
227,2020-09-28,skip
202,2020-09-28,second
72,2020-09-28,vice
257,2020-09-28,lead
241,2020-09-29,vice
151,2020-09-29,vice
111,2020-09-29,lead
144,2020-09-29,skip
215,2020-09-29,skip
127,2020-09-29,second
121,2020-09-29,second
147,2020-09-29,lead
222,2020-10-01,lead
207,2020-10-01,skip
228,2020-10-01,vice
249,2020-10-01,second
107,2020-10-03,vice
231,2020-10-03,skip
58,2020-10-03,second
192,2020-10-03,lead
58,2020-10-04,lead
231,2020-10-04,skip
107,2020-10-04,vice
190,2020-10-04,lead
113,2020-10-04,skip
230,2020-10-04,vice
205,2020-10-04,skip
192,2020-10-04,second
219,2020-10-04,vice
73,2020-10-04,second
10,2020-10-04,second
67,2020-10-04,lead
138,2020-10-04,lead
149,2020-10-04,second
56,2020-10-04,skip
210,2020-10-04,vice
90,2020-10-10,skip
36,2020-10-10,skip
260,2020-10-10,lead
77,2020-10-10,second
109,2020-10-10,second
140,2020-10-10,lead
179,2020-10-10,vice
46,2020-10-10,vice
144,2020-10-12,lead
127,2020-10-12,vice
111,2020-10-12,second
151,2020-10-12,skip
233,2020-10-13,skip
247,2020-10-13,skip
90,2020-10-13,lead
230,2020-10-13,vice
190,2020-10-13,skip
227,2020-10-13,vice
257,2020-10-13,second
260,2020-10-13,second
149,2020-10-13,lead
119,2020-10-13,lead
179,2020-10-13,vice
104,2020-10-13,second
226,2020-10-13,lead
124,2020-10-13,skip
113,2020-10-13,second
201,2020-10-13,vice
36,2020-10-14,vice
234,2020-10-14,skip
197,2020-10-14,lead
145,2020-10-14,vice
144,2020-10-14,lead
127,2020-10-14,vice
109,2020-10-14,skip
46,2020-10-14,second
62,2020-10-14,second
111,2020-10-14,skip
151,2020-10-14,second
221,2020-10-14,lead
82,2020-10-19,skip
176,2020-10-19,second
24,2020-10-19,vice
95,2020-10-19,lead
58,2020-10-20,skip
107,2020-10-20,lead
192,2020-10-20,vice
231,2020-10-20,second
90,2020-10-21,skip
179,2020-10-21,second
260,2020-10-21,vice
233,2020-10-21,lead
227,2020-10-23,second
202,2020-10-23,skip
119,2020-10-23,vice
257,2020-10-23,lead
138,2020-10-24,second
145,2020-10-24,skip
234,2020-10-24,lead
205,2020-10-24,vice
251,2020-10-27,lead
107,2020-10-27,second
192,2020-10-27,skip
245,2020-10-27,skip
9,2020-10-27,vice
217,2020-10-27,second
58,2020-10-27,lead
231,2020-10-27,vice
48,2020-10-28,skip
13,2020-10-28,skip
159,2020-10-28,lead
259,2020-10-28,vice
267,2020-10-28,vice
136,2020-10-28,vice
155,2020-10-28,lead
50,2020-10-28,second
14,2020-10-28,second
191,2020-10-28,skip
254,2020-10-28,lead
185,2020-10-28,skip
156,2020-10-28,vice
22,2020-10-28,second
60,2020-10-28,lead
142,2020-10-28,second
177,2020-10-29,vice
258,2020-10-29,lead
232,2020-10-29,second
101,2020-10-29,skip
27,2020-10-30,second
182,2020-10-30,lead
185,2020-10-30,vice
22,2020-10-30,lead
72,2020-10-30,second
218,2020-10-30,skip
115,2020-10-30,vice
159,2020-10-30,skip
269,2020-11-02,skip
157,2020-11-02,lead
245,2020-11-02,second
131,2020-11-02,second
251,2020-11-02,vice
211,2020-11-02,vice
137,2020-11-02,lead
174,2020-11-02,skip
140,2020-11-03,vice
164,2020-11-03,second
36,2020-11-03,lead
109,2020-11-03,skip
178,2020-11-06,second
188,2020-11-06,vice
96,2020-11-06,skip
173,2020-11-06,lead
273,2020-11-09,skip
192,2020-11-09,skip
58,2020-11-09,vice
149,2020-11-09,vice
107,2020-11-09,lead
113,2020-11-09,lead
231,2020-11-09,second
230,2020-11-09,second
10,2020-11-11,vice
197,2020-11-11,skip
62,2020-11-11,lead
205,2020-11-11,second
174,2020-11-14,vice
137,2020-11-14,lead
211,2020-11-14,skip
131,2020-11-14,second
120,2020-11-15,vice
96,2020-11-15,skip
188,2020-11-15,lead
178,2020-11-15,second
45,2020-11-16,lead
155,2020-11-16,second
142,2020-11-16,vice
89,2020-11-16,second
13,2020-11-16,skip
267,2020-11-16,lead
44,2020-11-16,vice
11,2020-11-16,skip
178,2020-11-17,vice
120,2020-11-17,lead
96,2020-11-17,second
188,2020-11-17,skip
41,2020-11-18,second
107,2020-11-18,skip
58,2020-11-18,vice
199,2020-11-18,lead
231,2020-11-18,second
154,2020-11-18,skip
168,2020-11-18,vice
192,2020-11-18,lead
251,2020-11-20,second
24,2020-11-20,second
277,2020-11-20,lead
217,2020-11-20,vice
95,2020-11-20,vice
9,2020-11-20,skip
82,2020-11-20,lead
176,2020-11-20,skip
73,2020-11-23,skip
56,2020-11-23,vice
10,2020-11-23,vice
211,2020-11-23,skip
219,2020-11-23,lead
145,2020-11-23,lead
138,2020-11-23,second
174,2020-11-23,second
137,2020-11-23,lead
131,2020-11-23,vice
205,2020-11-23,skip
67,2020-11-23,second
221,2020-11-24,second
140,2020-11-24,vice
46,2020-11-24,lead
164,2020-11-24,skip
33,2020-11-25,vice
63,2020-11-25,second
79,2020-11-25,skip
183,2020-11-25,lead
267,2020-11-26,skip
155,2020-11-26,second
13,2020-11-26,lead
142,2020-11-26,vice
257,2020-11-27,vice
119,2020-11-27,lead
33,2020-11-27,vice
124,2020-11-27,skip
79,2020-11-27,second
63,2020-11-27,skip
202,2020-11-27,second
183,2020-11-27,lead
219,2020-11-28,second
67,2020-11-28,lead
73,2020-11-28,skip
56,2020-11-28,vice
107,2020-12-02,skip
259,2020-12-02,second
231,2020-12-02,lead
179,2020-12-02,skip
280,2020-12-02,lead
123,2020-12-02,second
58,2020-12-02,second
117,2020-12-02,lead
33,2020-12-02,vice
233,2020-12-02,second
159,2020-12-02,lead
63,2020-12-02,skip
185,2020-12-02,skip
260,2020-12-02,vice
72,2020-12-02,vice
192,2020-12-02,vice
140,2020-12-04,lead
221,2020-12-04,vice
36,2020-12-04,second
109,2020-12-04,skip
183,2020-12-05,second
63,2020-12-05,lead
227,2020-12-05,lead
124,2020-12-05,second
202,2020-12-05,vice
117,2020-12-05,vice
257,2020-12-05,skip
33,2020-12-05,skip
230,2020-12-06,skip
149,2020-12-06,vice
113,2020-12-06,second
190,2020-12-06,lead
141,2020-12-08,second
108,2020-12-08,skip
41,2020-12-08,lead
199,2020-12-08,vice
131,2020-12-12,vice
211,2020-12-12,lead
174,2020-12-12,skip
137,2020-12-12,second
24,2020-12-13,vice
95,2020-12-13,skip
176,2020-12-13,second
77,2020-12-13,second
90,2020-12-13,lead
280,2020-12-13,vice
179,2020-12-13,skip
82,2020-12-13,lead
199,2020-12-14,skip
41,2020-12-14,second
168,2020-12-14,lead
141,2020-12-14,vice
233,2020-12-19,skip
280,2020-12-19,second
90,2020-12-19,lead
260,2020-12-19,vice
142,2020-12-20,second
155,2020-12-20,skip
267,2020-12-20,vice
13,2020-12-20,lead
201,2020-12-21,lead
159,2020-12-21,skip
259,2020-12-21,second
226,2020-12-21,second
247,2020-12-21,vice
104,2020-12-21,skip
185,2020-12-21,lead
72,2020-12-21,vice
256,2020-12-24,skip
224,2020-12-24,lead
279,2020-12-24,second
272,2020-12-24,second
45,2020-12-24,lead
26,2020-12-24,vice
44,2020-12-24,vice
11,2020-12-24,skip
227,2020-12-25,vice
228,2020-12-25,lead
207,2020-12-25,vice
124,2020-12-25,lead
222,2020-12-25,second
118,2020-12-25,skip
257,2020-12-25,skip
202,2020-12-25,second
50,2020-12-26,lead
285,2020-12-26,skip
231,2020-12-26,lead
60,2020-12-26,second
156,2020-12-26,skip
107,2020-12-26,second
58,2020-12-26,vice
198,2020-12-26,vice
254,2020-12-28,skip
114,2020-12-28,vice
121,2020-12-28,skip
215,2020-12-28,vice
136,2020-12-28,second
147,2020-12-28,second
241,2020-12-28,lead
191,2020-12-28,lead
27,2020-12-30,lead
140,2020-12-30,lead
221,2020-12-30,vice
62,2020-12-30,skip
38,2020-12-30,vice
145,2020-12-30,vice
36,2020-12-30,skip
182,2020-12-30,skip
164,2020-12-30,second
205,2020-12-30,second
218,2020-12-30,second
234,2020-12-30,lead
89,2020-12-31,second
279,2020-12-31,vice
155,2020-12-31,vice
44,2020-12-31,skip
235,2020-12-31,lead
13,2020-12-31,lead
267,2020-12-31,skip
142,2020-12-31,second
38,2021-01-01,second
115,2021-01-01,skip
218,2021-01-01,lead
182,2021-01-01,vice
245,2021-01-08,second
251,2021-01-08,lead
277,2021-01-08,skip
74,2021-01-08,vice
131,2021-01-10,lead
137,2021-01-10,skip
174,2021-01-10,vice
286,2021-01-10,second
201,2021-01-12,lead
247,2021-01-12,skip
226,2021-01-12,second
104,2021-01-12,vice
198,2021-01-13,skip
50,2021-01-13,lead
156,2021-01-13,second
48,2021-01-13,vice
210,2021-01-14,lead
138,2021-01-14,second
234,2021-01-14,vice
219,2021-01-14,vice
67,2021-01-14,lead
56,2021-01-14,skip
197,2021-01-14,skip
73,2021-01-14,second
222,2021-01-15,lead
118,2021-01-15,vice
228,2021-01-15,second
249,2021-01-15,skip
226,2021-01-17,lead
247,2021-01-17,second
104,2021-01-17,vice
201,2021-01-17,skip
104,2021-01-18,vice
226,2021-01-18,second
294,2021-01-18,second
190,2021-01-18,lead
107,2021-01-18,vice
230,2021-01-18,second
192,2021-01-18,lead
201,2021-01-18,skip
185,2021-01-18,vice
58,2021-01-18,second
113,2021-01-18,vice
247,2021-01-18,lead
231,2021-01-18,skip
72,2021-01-18,lead
259,2021-01-18,skip
149,2021-01-18,skip
95,2021-01-21,lead
24,2021-01-21,skip
176,2021-01-21,vice
82,2021-01-21,second
72,2021-01-22,lead
259,2021-01-22,second
294,2021-01-22,vice
185,2021-01-22,skip
182,2021-01-23,lead
45,2021-01-23,lead
279,2021-01-23,skip
38,2021-01-23,skip
115,2021-01-23,second
44,2021-01-23,second
218,2021-01-23,vice
235,2021-01-23,vice
226,2021-01-24,vice
111,2021-01-24,skip
247,2021-01-24,second
127,2021-01-24,second
144,2021-01-24,lead
104,2021-01-24,lead
201,2021-01-24,skip
151,2021-01-24,vice
159,2021-01-25,second
185,2021-01-25,skip
294,2021-01-25,lead
259,2021-01-25,vice
115,2021-01-26,second
38,2021-01-26,lead
302,2021-01-26,vice
218,2021-01-26,skip
285,2021-01-27,second
179,2021-01-27,lead
233,2021-01-27,vice
231,2021-01-27,vice
280,2021-01-27,second
77,2021-01-27,skip
192,2021-01-27,lead
107,2021-01-27,skip
48,2021-01-29,second
182,2021-01-29,lead
60,2021-01-29,skip
301,2021-01-29,second
27,2021-01-29,vice
198,2021-01-29,lead
50,2021-01-29,vice
115,2021-01-29,skip
174,2021-01-30,skip
131,2021-01-30,lead
286,2021-01-30,second
211,2021-01-30,vice
26,2021-01-31,skip
36,2021-01-31,skip
164,2021-01-31,lead
46,2021-01-31,vice
224,2021-01-31,lead
272,2021-01-31,vice
140,2021-01-31,second
256,2021-01-31,second
211,2021-02-02,vice
131,2021-02-02,second
137,2021-02-02,skip
286,2021-02-02,lead
201,2021-02-04,skip
226,2021-02-04,lead
247,2021-02-04,second
104,2021-02-04,vice
149,2021-02-05,lead
273,2021-02-05,skip
113,2021-02-05,second
230,2021-02-05,vice
119,2021-02-06,second
227,2021-02-06,lead
257,2021-02-06,skip
124,2021-02-06,vice
157,2021-02-07,lead
277,2021-02-07,vice
241,2021-02-07,skip
121,2021-02-07,lead
215,2021-02-07,second
245,2021-02-07,second
269,2021-02-07,skip
291,2021-02-07,vice
144,2021-02-08,lead
127,2021-02-08,second
111,2021-02-08,vice
151,2021-02-08,skip
11,2021-02-09,vice
202,2021-02-09,second
279,2021-02-09,second
124,2021-02-09,skip
119,2021-02-09,vice
227,2021-02-09,lead
235,2021-02-09,lead
89,2021-02-09,skip
166,2021-02-10,second
191,2021-02-10,lead
114,2021-02-10,vice
254,2021-02-10,skip
60,2021-02-12,skip
156,2021-02-12,lead
198,2021-02-12,vice
48,2021-02-12,second
176,2021-02-14,second
95,2021-02-14,skip
24,2021-02-14,lead
82,2021-02-14,vice
136,2021-02-17,vice
14,2021-02-17,skip
131,2021-02-17,skip
211,2021-02-17,second
137,2021-02-17,vice
166,2021-02-17,lead
174,2021-02-17,lead
254,2021-02-17,second
259,2021-02-18,skip
294,2021-02-18,second
183,2021-02-18,second
33,2021-02-18,vice
63,2021-02-18,lead
256,2021-02-18,second
305,2021-02-18,vice
72,2021-02-18,lead
224,2021-02-18,skip
201,2021-02-18,lead
142,2021-02-18,vice
104,2021-02-18,second
155,2021-02-18,second
185,2021-02-18,vice
13,2021-02-18,lead
226,2021-02-18,vice
247,2021-02-18,skip
272,2021-02-18,lead
123,2021-02-18,skip
267,2021-02-18,skip
174,2021-02-21,vice
131,2021-02-21,skip
41,2021-02-21,skip
199,2021-02-21,lead
211,2021-02-21,lead
168,2021-02-21,second
137,2021-02-21,second
154,2021-02-21,vice
227,2021-02-25,skip
38,2021-02-25,skip
202,2021-02-25,lead
119,2021-02-25,vice
301,2021-02-25,vice
182,2021-02-25,lead
218,2021-02-25,second
257,2021-02-25,second
286,2021-02-26,vice
188,2021-02-26,vice
207,2021-02-26,skip
249,2021-02-26,vice
222,2021-02-26,lead
137,2021-02-26,lead
131,2021-02-26,second
173,2021-02-26,skip
174,2021-02-26,skip
96,2021-02-26,lead
228,2021-02-26,second
120,2021-02-26,second
113,2021-03-01,lead
230,2021-03-01,vice
190,2021-03-01,skip
149,2021-03-01,second
72,2021-03-02,skip
227,2021-03-02,lead
185,2021-03-02,lead
202,2021-03-02,skip
159,2021-03-02,vice
257,2021-03-02,vice
259,2021-03-02,second
124,2021-03-02,second
183,2021-03-03,vice
127,2021-03-03,second
137,2021-03-03,skip
286,2021-03-03,lead
95,2021-03-03,lead
176,2021-03-03,skip
151,2021-03-03,skip
63,2021-03-03,skip
117,2021-03-03,lead
144,2021-03-03,vice
211,2021-03-03,vice
82,2021-03-03,vice
24,2021-03-03,second
131,2021-03-03,second
33,2021-03-03,second
111,2021-03-03,lead
152,2021-03-07,second
194,2021-03-07,vice
264,2021-03-07,lead
36,2021-03-07,second
164,2021-03-07,skip
155,2021-03-07,vice
65,2021-03-07,second
92,2021-03-07,lead
267,2021-03-07,skip
311,2021-03-07,vice
13,2021-03-07,lead
242,2021-03-07,skip
46,2021-03-07,vice
109,2021-03-07,lead
304,2021-03-07,skip
142,2021-03-07,second
211,2021-03-08,second
121,2021-03-08,second
199,2021-03-08,vice
215,2021-03-08,skip
286,2021-03-08,skip
41,2021-03-08,lead
241,2021-03-08,lead
131,2021-03-08,lead
102,2021-03-08,vice
141,2021-03-08,skip
168,2021-03-08,second
174,2021-03-08,vice
230,2021-03-10,lead
113,2021-03-10,second
190,2021-03-10,skip
273,2021-03-10,vice
140,2021-03-12,vice
109,2021-03-12,second
46,2021-03-12,lead
164,2021-03-12,skip
13,2021-03-14,vice
155,2021-03-14,skip
267,2021-03-14,lead
142,2021-03-14,second
27,2021-03-16,skip
308,2021-03-16,skip
182,2021-03-16,lead
21,2021-03-16,lead
61,2021-03-16,second
314,2021-03-16,second
301,2021-03-16,vice
200,2021-03-16,vice
104,2021-03-17,lead
226,2021-03-17,skip
247,2021-03-17,vice
58,2021-03-17,lead
316,2021-03-17,vice
192,2021-03-17,second
201,2021-03-17,second
285,2021-03-17,skip
96,2021-03-18,second
178,2021-03-18,skip
108,2021-03-18,lead
188,2021-03-18,lead
168,2021-03-18,second
141,2021-03-18,vice
120,2021-03-18,vice
199,2021-03-18,skip
96,2021-03-21,second
173,2021-03-21,lead
188,2021-03-21,vice
178,2021-03-21,skip
285,2021-03-22,skip
192,2021-03-22,lead
316,2021-03-22,vice
231,2021-03-22,second
199,2021-03-23,vice
168,2021-03-23,lead
269,2021-03-23,second
141,2021-03-23,second
108,2021-03-23,skip
157,2021-03-23,skip
277,2021-03-23,lead
245,2021-03-23,vice
149,2021-03-26,lead
173,2021-03-26,second
113,2021-03-26,vice
188,2021-03-26,vice
120,2021-03-26,skip
230,2021-03-26,second
273,2021-03-26,skip
96,2021-03-26,lead
58,2021-03-28,skip
41,2021-03-28,skip
82,2021-03-28,vice
316,2021-03-28,lead
231,2021-03-28,second
264,2021-03-28,second
24,2021-03-28,lead
65,2021-03-28,skip
95,2021-03-28,second
141,2021-03-28,second
168,2021-03-28,lead
242,2021-03-28,vice
154,2021-03-28,vice
192,2021-03-28,vice
311,2021-03-28,lead
176,2021-03-28,skip
61,2021-03-30,lead
142,2021-03-30,lead
178,2021-03-30,lead
72,2021-03-30,vice
301,2021-03-30,skip
259,2021-03-30,lead
120,2021-03-30,vice
323,2021-03-30,vice
267,2021-03-30,vice
218,2021-03-30,vice
294,2021-03-30,skip
21,2021-03-30,skip
308,2021-03-30,second
159,2021-03-30,second
188,2021-03-30,skip
182,2021-03-30,lead
96,2021-03-30,second
155,2021-03-30,skip
115,2021-03-30,second
13,2021-03-30,second
231,2021-03-31,vice
285,2021-03-31,second
107,2021-03-31,lead
316,2021-03-31,skip
298,2021-04-01,vice
145,2021-04-01,second
234,2021-04-01,skip
62,2021-04-01,lead
323,2021-04-04,skip
200,2021-04-04,second
21,2021-04-04,lead
319,2021-04-04,vice
56,2021-04-06,skip
67,2021-04-06,second
188,2021-04-06,second
257,2021-04-06,skip
178,2021-04-06,lead
96,2021-04-06,vice
192,2021-04-06,lead
124,2021-04-06,second
58,2021-04-06,second
231,2021-04-06,vice
202,2021-04-06,lead
120,2021-04-06,skip
227,2021-04-06,vice
73,2021-04-06,lead
285,2021-04-06,skip
219,2021-04-06,vice
48,2021-04-07,skip
60,2021-04-07,vice
168,2021-04-07,second
156,2021-04-07,second
154,2021-04-07,vice
113,2021-04-07,second
149,2021-04-07,vice
230,2021-04-07,lead
199,2021-04-07,skip
322,2021-04-07,skip
198,2021-04-07,lead
141,2021-04-07,lead
90,2021-04-08,skip
202,2021-04-08,vice
233,2021-04-08,vice
257,2021-04-08,skip
119,2021-04-08,lead
152,2021-04-08,lead
221,2021-04-08,second
92,2021-04-08,vice
194,2021-04-08,second
304,2021-04-08,skip
140,2021-04-08,vice
109,2021-04-08,skip
77,2021-04-08,lead
124,2021-04-08,second
46,2021-04-08,lead
280,2021-04-08,second
305,2021-04-13,lead
272,2021-04-13,skip
124,2021-04-13,skip
257,2021-04-13,lead
202,2021-04-13,vice
26,2021-04-13,second
227,2021-04-13,second
256,2021-04-13,vice
280,2021-04-16,lead
58,2021-04-16,second
179,2021-04-16,skip
107,2021-04-16,skip
231,2021-04-16,vice
260,2021-04-16,second
77,2021-04-16,vice
192,2021-04-16,lead
111,2021-04-19,vice
127,2021-04-19,lead
211,2021-04-19,skip
137,2021-04-19,lead
286,2021-04-19,vice
151,2021-04-19,skip
144,2021-04-19,second
174,2021-04-19,second
183,2021-04-20,skip
36,2021-04-20,second
123,2021-04-20,lead
273,2021-04-20,vice
131,2021-04-20,second
230,2021-04-20,skip
46,2021-04-20,lead
140,2021-04-20,vice
174,2021-04-20,vice
322,2021-04-20,lead
63,2021-04-20,vice
113,2021-04-20,second
207,2021-04-20,vice
312,2021-04-20,second
117,2021-04-20,second
164,2021-04-20,skip
211,2021-04-20,skip
137,2021-04-20,lead
313,2021-04-20,skip
228,2021-04-20,lead
294,2021-04-21,skip
185,2021-04-21,vice
159,2021-04-21,lead
328,2021-04-21,second
327,2021-04-22,lead
13,2021-04-22,second
155,2021-04-22,skip
325,2021-04-22,vice
183,2021-04-24,skip
117,2021-04-24,lead
63,2021-04-24,vice
33,2021-04-24,second
113,2021-04-25,vice
322,2021-04-25,lead
273,2021-04-25,second
149,2021-04-25,skip
183,2021-04-26,vice
123,2021-04-26,lead
44,2021-04-26,skip
235,2021-04-26,vice
117,2021-04-26,second
45,2021-04-26,second
11,2021-04-26,lead
33,2021-04-26,skip
286,2021-04-27,vice
137,2021-04-27,second
211,2021-04-27,lead
174,2021-04-27,skip
136,2021-04-28,skip
254,2021-04-28,vice
166,2021-04-28,lead
332,2021-04-28,second
101,2021-04-30,vice
147,2021-04-30,second
241,2021-04-30,lead
291,2021-04-30,skip
321,2021-04-30,skip
121,2021-04-30,vice
258,2021-04-30,lead
177,2021-04-30,second
258,2021-05-01,lead
101,2021-05-01,vice
224,2021-05-01,skip
107,2021-05-01,second
316,2021-05-01,vice
26,2021-05-01,second
177,2021-05-01,skip
256,2021-05-01,lead
285,2021-05-01,lead
58,2021-05-01,skip
305,2021-05-01,vice
321,2021-05-01,second
82,2021-05-03,skip
176,2021-05-03,second
95,2021-05-03,vice
24,2021-05-03,lead
305,2021-05-05,vice
26,2021-05-05,skip
256,2021-05-05,second
224,2021-05-05,lead
328,2021-05-08,lead
61,2021-05-08,lead
21,2021-05-08,second
294,2021-05-08,second
308,2021-05-08,vice
90,2021-05-08,second
179,2021-05-08,lead
200,2021-05-08,skip
72,2021-05-08,skip
280,2021-05-08,skip
260,2021-05-08,vice
185,2021-05-08,vice
221,2021-05-09,skip
109,2021-05-09,second
36,2021-05-09,lead
140,2021-05-09,vice
259,2021-05-11,second
72,2021-05-11,lead
185,2021-05-11,vice
331,2021-05-11,skip
56,2021-05-12,lead
67,2021-05-12,skip
219,2021-05-12,second
73,2021-05-12,vice
92,2021-05-14,lead
152,2021-05-14,vice
304,2021-05-14,second
194,2021-05-14,skip
337,2021-05-16,second
18,2021-05-16,skip
169,2021-05-16,lead
326,2021-05-16,vice
33,2021-05-17,vice
183,2021-05-17,lead
123,2021-05-17,second
117,2021-05-17,skip
9,2021-05-18,lead
173,2021-05-18,lead
277,2021-05-18,vice
178,2021-05-18,vice
217,2021-05-18,skip
120,2021-05-18,skip
74,2021-05-18,second
96,2021-05-18,second
33,2021-05-19,vice
63,2021-05-19,skip
247,2021-05-19,vice
104,2021-05-19,lead
226,2021-05-19,skip
183,2021-05-19,lead
318,2021-05-19,second
117,2021-05-19,second
304,2021-05-23,skip
92,2021-05-23,lead
217,2021-05-23,second
157,2021-05-23,vice
194,2021-05-23,second
152,2021-05-23,vice
269,2021-05-23,lead
245,2021-05-23,skip
176,2021-05-24,skip
24,2021-05-24,second
82,2021-05-24,vice
95,2021-05-24,lead
21,2021-05-26,lead
323,2021-05-26,vice
319,2021-05-26,skip
118,2021-05-26,lead
200,2021-05-26,second
222,2021-05-26,second
249,2021-05-26,vice
207,2021-05-26,skip
63,2021-05-27,vice
202,2021-05-27,second
119,2021-05-27,skip
183,2021-05-27,skip
257,2021-05-27,vice
117,2021-05-27,lead
227,2021-05-27,lead
33,2021-05-27,second
41,2021-05-30,lead
168,2021-05-30,vice
329,2021-05-30,skip
199,2021-05-30,second
335,2021-06-03,second
137,2021-06-03,skip
211,2021-06-03,vice
131,2021-06-03,lead
44,2021-06-05,vice
95,2021-06-05,vice
155,2021-06-05,vice
207,2021-06-05,vice
322,2021-06-05,skip
230,2021-06-05,lead
313,2021-06-05,skip
176,2021-06-05,lead
352,2021-06-05,skip
228,2021-06-05,second
325,2021-06-05,lead
273,2021-06-05,second
45,2021-06-05,skip
89,2021-06-05,lead
11,2021-06-05,second
267,2021-06-05,skip
82,2021-06-05,second
349,2021-06-05,vice
222,2021-06-05,lead
13,2021-06-05,second
247,2021-06-06,skip
142,2021-06-06,skip
201,2021-06-06,second
226,2021-06-06,lead
104,2021-06-06,vice
267,2021-06-06,vice
155,2021-06-06,second
13,2021-06-06,lead
108,2021-06-07,vice
168,2021-06-07,skip
329,2021-06-07,second
154,2021-06-07,lead
286,2021-06-08,skip
174,2021-06-08,lead
335,2021-06-08,second
131,2021-06-08,vice
169,2021-06-09,skip
323,2021-06-09,second
18,2021-06-09,second
61,2021-06-09,vice
326,2021-06-09,vice
319,2021-06-09,skip
308,2021-06-09,lead
337,2021-06-09,lead
169,2021-06-10,second
183,2021-06-10,lead
63,2021-06-10,second
279,2021-06-10,skip
140,2021-06-10,skip
164,2021-06-10,lead
123,2021-06-10,vice
33,2021-06-10,skip
18,2021-06-10,lead
235,2021-06-10,lead
337,2021-06-10,skip
89,2021-06-10,second
109,2021-06-10,second
326,2021-06-10,vice
44,2021-06-10,vice
221,2021-06-10,vice
61,2021-06-11,lead
21,2021-06-11,skip
308,2021-06-11,second
319,2021-06-11,vice
305,2021-06-14,second
27,2021-06-14,second
26,2021-06-14,vice
182,2021-06-14,lead
38,2021-06-14,vice
343,2021-06-14,skip
256,2021-06-14,lead
224,2021-06-14,skip
326,2021-06-15,vice
337,2021-06-15,lead
18,2021-06-15,skip
169,2021-06-15,second
325,2021-06-16,skip
222,2021-06-16,lead
155,2021-06-16,lead
313,2021-06-16,vice
312,2021-06-16,second
228,2021-06-16,skip
267,2021-06-16,second
327,2021-06-16,vice
347,2021-06-17,skip
227,2021-06-17,vice
119,2021-06-17,lead
124,2021-06-17,second
36,2021-06-19,second
202,2021-06-19,vice
109,2021-06-19,lead
119,2021-06-19,second
347,2021-06-19,skip
140,2021-06-19,vice
221,2021-06-19,skip
124,2021-06-19,lead
21,2021-06-20,lead
67,2021-06-20,lead
323,2021-06-20,skip
219,2021-06-20,skip
319,2021-06-20,vice
358,2021-06-20,second
345,2021-06-20,vice
318,2021-06-20,lead
226,2021-06-20,skip
104,2021-06-20,second
201,2021-06-20,vice
73,2021-06-20,second
182,2021-06-22,vice
321,2021-06-22,vice
301,2021-06-22,second
177,2021-06-22,lead
117,2021-06-22,vice
123,2021-06-22,second
63,2021-06-22,skip
27,2021-06-22,lead
101,2021-06-22,skip
38,2021-06-22,skip
183,2021-06-22,lead
258,2021-06-22,second
299,2021-06-23,vice
344,2021-06-23,skip
55,2021-06-23,second
85,2021-06-23,lead
348,2021-06-24,second
172,2021-06-24,skip
242,2021-06-24,second
73,2021-06-24,second
219,2021-06-24,skip
66,2021-06-24,lead
56,2021-06-24,vice
65,2021-06-24,vice
345,2021-06-24,lead
28,2021-06-24,vice
333,2021-06-24,lead
264,2021-06-24,skip
127,2021-06-27,vice
291,2021-06-27,lead
353,2021-06-27,skip
151,2021-06-27,lead
241,2021-06-27,skip
121,2021-06-27,vice
117,2021-06-27,second
280,2021-06-27,skip
233,2021-06-27,lead
50,2021-06-27,skip
41,2021-06-27,vice
48,2021-06-27,second
156,2021-06-27,lead
60,2021-06-27,vice
260,2021-06-27,second
183,2021-06-27,skip
123,2021-06-27,lead
199,2021-06-27,second
33,2021-06-27,vice
329,2021-06-27,skip
154,2021-06-27,lead
340,2021-06-27,second
58,2021-06-27,vice
179,2021-06-27,vice
192,2021-06-27,skip
215,2021-06-27,second
285,2021-06-27,lead
316,2021-06-27,second
188,2021-06-28,vice
96,2021-06-28,second
9,2021-06-28,second
245,2021-06-28,lead
251,2021-06-28,skip
173,2021-06-28,lead
120,2021-06-28,skip
277,2021-06-28,vice
256,2021-06-30,second
36,2021-06-30,second
356,2021-06-30,lead
224,2021-06-30,skip
221,2021-06-30,lead
277,2021-06-30,skip
217,2021-06-30,second
140,2021-06-30,skip
109,2021-06-30,vice
157,2021-06-30,vice
26,2021-06-30,vice
269,2021-06-30,lead
335,2021-07-01,vice
137,2021-07-01,second
174,2021-07-01,skip
286,2021-07-01,lead
249,2021-07-03,lead
357,2021-07-03,lead
192,2021-07-03,vice
118,2021-07-03,skip
185,2021-07-03,vice
287,2021-07-03,vice
316,2021-07-03,skip
259,2021-07-03,skip
231,2021-07-03,second
207,2021-07-03,second
331,2021-07-03,second
107,2021-07-03,lead
231,2021-07-04,second
33,2021-07-04,lead
123,2021-07-04,skip
117,2021-07-04,second
107,2021-07-04,vice
316,2021-07-04,lead
58,2021-07-04,skip
63,2021-07-04,vice
192,2021-07-05,vice
107,2021-07-05,skip
285,2021-07-05,second
111,2021-07-05,lead
340,2021-07-05,vice
144,2021-07-05,skip
58,2021-07-05,lead
151,2021-07-05,second
326,2021-07-06,vice
18,2021-07-06,lead
169,2021-07-06,skip
337,2021-07-06,second
269,2021-07-07,lead
9,2021-07-07,vice
251,2021-07-07,skip
157,2021-07-07,second
347,2021-07-08,lead
178,2021-07-08,lead
119,2021-07-08,vice
41,2021-07-08,lead
188,2021-07-08,skip
329,2021-07-08,skip
120,2021-07-08,vice
202,2021-07-08,second
154,2021-07-08,vice
96,2021-07-08,second
141,2021-07-08,second
227,2021-07-08,skip
311,2021-07-10,lead
333,2021-07-10,vice
242,2021-07-10,second
65,2021-07-10,skip
308,2021-07-11,vice
201,2021-07-11,vice
72,2021-07-11,skip
318,2021-07-11,skip
337,2021-07-11,second
200,2021-07-11,second
104,2021-07-11,second
259,2021-07-11,second
169,2021-07-11,vice
326,2021-07-11,lead
61,2021-07-11,lead
363,2021-07-11,vice
328,2021-07-11,lead
226,2021-07-11,lead
323,2021-07-11,skip
18,2021-07-11,skip
298,2021-07-12,lead
145,2021-07-12,skip
234,2021-07-12,second
197,2021-07-12,vice
287,2021-07-14,vice
173,2021-07-14,vice
96,2021-07-14,skip
118,2021-07-14,skip
312,2021-07-14,lead
178,2021-07-14,lead
188,2021-07-14,second
313,2021-07-14,second
260,2021-07-15,skip
233,2021-07-15,second
6,2021-07-15,vice
179,2021-07-15,vice
90,2021-07-15,lead
367,2021-07-15,lead
244,2021-07-15,skip
252,2021-07-15,second
168,2021-07-17,vice
108,2021-07-17,skip
199,2021-07-17,second
41,2021-07-17,lead
179,2021-07-20,second
258,2021-07-20,lead
233,2021-07-20,skip
260,2021-07-20,lead
101,2021-07-20,skip
321,2021-07-20,vice
177,2021-07-20,second
90,2021-07-20,vice
217,2021-07-21,skip
245,2021-07-21,vice
120,2021-07-21,vice
96,2021-07-21,lead
277,2021-07-21,lead
188,2021-07-21,skip
157,2021-07-21,second
190,2021-07-21,vice
364,2021-07-21,second
230,2021-07-21,lead
273,2021-07-21,skip
370,2021-07-21,second
11,2021-07-23,lead
207,2021-07-23,skip
222,2021-07-23,vice
279,2021-07-23,skip
235,2021-07-23,vice
45,2021-07-23,second
287,2021-07-23,second
228,2021-07-23,lead
68,2021-07-25,lead
20,2021-07-25,second
307,2021-07-25,skip
372,2021-07-25,vice
73,2021-07-27,vice
156,2021-07-27,second
48,2021-07-27,skip
120,2021-07-27,skip
370,2021-07-27,vice
60,2021-07-27,vice
219,2021-07-27,second
178,2021-07-27,lead
50,2021-07-27,lead
56,2021-07-27,lead
173,2021-07-27,second
345,2021-07-27,skip
235,2021-07-28,second
347,2021-07-28,vice
89,2021-07-28,vice
279,2021-07-28,skip
202,2021-07-28,second
124,2021-07-28,skip
119,2021-07-28,lead
45,2021-07-28,lead
287,2021-07-29,vice
82,2021-07-29,vice
121,2021-07-29,vice
144,2021-07-29,vice
50,2021-07-29,second
356,2021-07-29,vice
224,2021-07-29,skip
151,2021-07-29,lead
291,2021-07-29,lead
340,2021-07-29,second
60,2021-07-29,vice
313,2021-07-29,lead
241,2021-07-29,second
26,2021-07-29,second
312,2021-07-29,skip
215,2021-07-29,skip
127,2021-07-29,skip
198,2021-07-29,lead
48,2021-07-29,skip
249,2021-07-29,second
352,2021-07-29,second
365,2021-07-29,skip
176,2021-07-29,lead
256,2021-07-29,lead
127,2021-07-30,lead
340,2021-07-30,skip
144,2021-07-30,vice
111,2021-07-30,second
56,2021-08-02,lead
219,2021-08-02,second
73,2021-08-02,skip
247,2021-08-02,skip
318,2021-08-02,lead
345,2021-08-02,vice
226,2021-08-02,vice
201,2021-08-02,second
109,2021-08-04,vice
140,2021-08-04,lead
221,2021-08-04,skip
164,2021-08-04,second
251,2021-08-04,vice
258,2021-08-04,second
321,2021-08-04,skip
157,2021-08-04,second
217,2021-08-04,skip
177,2021-08-04,lead
277,2021-08-04,lead
101,2021-08-04,vice
352,2021-08-06,skip
365,2021-08-06,vice
95,2021-08-06,second
176,2021-08-06,lead
249,2021-08-08,lead
108,2021-08-08,skip
207,2021-08-08,vice
41,2021-08-08,lead
329,2021-08-08,second
312,2021-08-08,skip
287,2021-08-08,second
154,2021-08-08,vice
20,2021-08-09,second
6,2021-08-09,lead
269,2021-08-09,vice
244,2021-08-09,vice
68,2021-08-09,lead
252,2021-08-09,second
157,2021-08-09,second
372,2021-08-09,vice
245,2021-08-09,lead
367,2021-08-09,skip
307,2021-08-09,skip
217,2021-08-09,skip
138,2021-08-11,vice
234,2021-08-11,skip
62,2021-08-11,lead
151,2021-08-11,lead
111,2021-08-11,skip
340,2021-08-11,second
144,2021-08-11,vice
205,2021-08-11,second
249,2021-08-12,skip
118,2021-08-12,lead
222,2021-08-12,second
228,2021-08-12,vice
321,2021-08-13,skip
273,2021-08-13,vice
349,2021-08-13,lead
177,2021-08-13,lead
101,2021-08-13,vice
258,2021-08-13,second
322,2021-08-13,skip
190,2021-08-13,second
367,2021-08-15,lead
244,2021-08-15,skip
372,2021-08-15,lead
6,2021-08-15,vice
252,2021-08-15,second
20,2021-08-15,second
68,2021-08-15,skip
307,2021-08-15,vice
156,2021-08-16,vice
48,2021-08-16,second
179,2021-08-16,lead
198,2021-08-16,lead
280,2021-08-16,second
90,2021-08-16,skip
233,2021-08-16,vice
50,2021-08-16,skip
344,2021-08-17,lead
304,2021-08-17,lead
277,2021-08-17,skip
365,2021-08-17,skip
119,2021-08-17,lead
194,2021-08-17,second
372,2021-08-17,lead
347,2021-08-17,second
137,2021-08-17,skip
68,2021-08-17,second
376,2021-08-17,vice
152,2021-08-17,vice
174,2021-08-17,vice
299,2021-08-17,skip
24,2021-08-17,second
335,2021-08-17,lead
55,2021-08-17,second
227,2021-08-17,vice
176,2021-08-17,lead
245,2021-08-17,lead
92,2021-08-17,skip
217,2021-08-17,second
307,2021-08-17,vice
202,2021-08-17,skip
95,2021-08-17,vice
157,2021-08-17,vice
20,2021-08-17,skip
211,2021-08-17,second
173,2021-08-18,skip
96,2021-08-18,second
120,2021-08-18,vice
370,2021-08-18,lead
173,2021-08-19,second
120,2021-08-19,lead
141,2021-08-19,lead
370,2021-08-19,vice
108,2021-08-19,skip
188,2021-08-19,skip
329,2021-08-19,second
154,2021-08-19,vice
226,2021-08-20,skip
38,2021-08-20,vice
164,2021-08-20,vice
337,2021-08-20,vice
18,2021-08-20,lead
343,2021-08-20,lead
218,2021-08-20,second
318,2021-08-20,second
386,2021-08-20,second
46,2021-08-20,skip
326,2021-08-20,second
141,2021-08-20,lead
36,2021-08-20,lead
108,2021-08-20,skip
41,2021-08-20,vice
169,2021-08-20,skip
104,2021-08-20,lead
247,2021-08-20,vice
115,2021-08-20,skip
387,2021-08-20,second
311,2021-08-22,second
242,2021-08-22,vice
65,2021-08-22,skip
264,2021-08-22,lead
287,2021-08-24,lead
305,2021-08-24,second
312,2021-08-24,second
26,2021-08-24,lead
224,2021-08-24,vice
249,2021-08-24,vice
222,2021-08-24,skip
256,2021-08-24,skip
117,2021-08-25,lead
242,2021-08-25,second
65,2021-08-25,vice
33,2021-08-25,vice
124,2021-08-25,vice
109,2021-08-25,lead
387,2021-08-25,vice
347,2021-08-25,lead
202,2021-08-25,second
119,2021-08-25,skip
46,2021-08-25,skip
311,2021-08-25,skip
333,2021-08-25,lead
36,2021-08-25,second
63,2021-08-25,second
183,2021-08-25,skip
259,2021-08-26,skip
227,2021-08-26,vice
72,2021-08-26,vice
183,2021-08-26,lead
119,2021-08-26,skip
123,2021-08-26,second
21,2021-08-26,lead
159,2021-08-26,lead
202,2021-08-26,lead
61,2021-08-26,second
331,2021-08-26,second
319,2021-08-26,skip
63,2021-08-26,skip
124,2021-08-26,second
200,2021-08-26,vice
33,2021-08-26,vice
61,2021-08-28,lead
358,2021-08-28,skip
319,2021-08-28,second
382,2021-08-28,vice
345,2021-08-28,lead
73,2021-08-28,vice
384,2021-08-28,second
56,2021-08-28,skip
14,2021-08-30,vice
380,2021-08-30,second
215,2021-08-30,second
127,2021-08-30,vice
69,2021-08-30,skip
78,2021-08-30,vice
136,2021-08-30,lead
114,2021-08-30,second
291,2021-08-30,skip
353,2021-08-30,lead
241,2021-08-30,vice
340,2021-08-30,second
296,2021-08-30,lead
379,2021-08-30,lead
191,2021-08-30,skip
151,2021-08-30,skip
247,2021-09-01,lead
221,2021-09-01,lead
226,2021-09-01,skip
259,2021-09-01,skip
185,2021-09-01,second
389,2021-09-01,second
387,2021-09-01,skip
318,2021-09-01,second
104,2021-09-01,vice
363,2021-09-01,lead
328,2021-09-01,vice
109,2021-09-01,vice
384,2021-09-03,second
345,2021-09-03,vice
219,2021-09-03,skip
73,2021-09-03,lead
348,2021-09-04,vice
336,2021-09-04,skip
66,2021-09-04,lead
28,2021-09-04,second
149,2021-09-05,vice
329,2021-09-05,lead
322,2021-09-05,lead
265,2021-09-05,vice
393,2021-09-05,second
141,2021-09-05,second
390,2021-09-05,skip
364,2021-09-05,skip
168,2021-09-05,vice
351,2021-09-05,lead
41,2021-09-05,skip
349,2021-09-05,second
365,2021-09-06,vice
217,2021-09-06,skip
392,2021-09-06,skip
245,2021-09-06,lead
176,2021-09-06,lead
251,2021-09-06,vice
157,2021-09-06,second
24,2021-09-06,second
145,2021-09-07,second
298,2021-09-07,lead
197,2021-09-07,skip
138,2021-09-07,vice
348,2021-09-08,second
45,2021-09-08,lead
66,2021-09-08,skip
172,2021-09-08,vice
336,2021-09-08,lead
44,2021-09-08,vice
89,2021-09-08,skip
235,2021-09-08,second
46,2021-09-09,vice
227,2021-09-09,lead
332,2021-09-09,second
389,2021-09-09,second
124,2021-09-09,second
142,2021-09-09,second
351,2021-09-09,vice
393,2021-09-09,skip
14,2021-09-09,skip
325,2021-09-09,vice
347,2021-09-09,vice
136,2021-09-09,vice
221,2021-09-09,lead
265,2021-09-09,lead
114,2021-09-09,lead
119,2021-09-09,skip
371,2021-09-09,lead
13,2021-09-09,skip
390,2021-09-09,second
109,2021-09-09,skip
343,2021-09-10,lead
325,2021-09-10,lead
38,2021-09-10,skip
218,2021-09-10,second
115,2021-09-10,vice
267,2021-09-10,second
371,2021-09-10,skip
13,2021-09-10,vice
66,2021-09-11,vice
127,2021-09-11,skip
393,2021-09-11,lead
353,2021-09-11,second
336,2021-09-11,second
144,2021-09-11,lead
28,2021-09-11,skip
265,2021-09-11,second
351,2021-09-11,skip
348,2021-09-11,lead
390,2021-09-11,vice
111,2021-09-11,vice
252,2021-09-12,vice
244,2021-09-12,lead
6,2021-09-12,skip
367,2021-09-12,second
111,2021-09-13,skip
144,2021-09-13,lead
353,2021-09-13,second
151,2021-09-13,vice
217,2021-09-14,vice
367,2021-09-14,vice
245,2021-09-14,lead
157,2021-09-14,skip
252,2021-09-14,skip
251,2021-09-14,second
244,2021-09-14,second
6,2021-09-14,lead
256,2021-09-15,second
305,2021-09-15,vice
299,2021-09-15,lead
376,2021-09-15,vice
55,2021-09-15,skip
224,2021-09-15,skip
85,2021-09-15,second
356,2021-09-15,lead
157,2021-09-16,skip
251,2021-09-16,second
363,2021-09-16,lead
218,2021-09-16,lead
245,2021-09-16,vice
115,2021-09-16,vice
259,2021-09-16,vice
343,2021-09-16,second
72,2021-09-16,second
277,2021-09-16,lead
328,2021-09-16,skip
301,2021-09-16,skip
221,2021-09-17,skip
387,2021-09-17,lead
46,2021-09-17,second
140,2021-09-17,vice
152,2021-09-23,vice
287,2021-09-23,vice
312,2021-09-23,skip
228,2021-09-23,second
313,2021-09-23,lead
194,2021-09-23,lead
304,2021-09-23,skip
92,2021-09-23,second
190,2021-09-24,skip
403,2021-09-24,vice
211,2021-09-24,second
149,2021-09-24,lead
174,2021-09-24,skip
322,2021-09-24,second
137,2021-09-24,vice
335,2021-09-24,lead
322,2021-09-25,vice
78,2021-09-25,vice
69,2021-09-25,skip
349,2021-09-25,skip
380,2021-09-25,lead
136,2021-09-25,lead
296,2021-09-25,second
332,2021-09-25,second
254,2021-09-25,vice
202,2021-09-25,lead
227,2021-09-25,second
149,2021-09-25,second
273,2021-09-25,lead
119,2021-09-25,vice
124,2021-09-25,skip
114,2021-09-25,skip
256,2021-09-26,skip
11,2021-09-26,skip
305,2021-09-26,second
26,2021-09-26,lead
312,2021-09-26,skip
45,2021-09-26,second
89,2021-09-26,vice
313,2021-09-26,vice
207,2021-09-26,second
356,2021-09-26,vice
287,2021-09-26,lead
235,2021-09-26,lead
111,2021-09-28,lead
127,2021-09-28,second
151,2021-09-28,skip
400,2021-09-28,vice
190,2021-09-29,second
273,2021-09-29,skip
149,2021-09-29,vice
364,2021-09-29,lead
321,2021-10-01,lead
177,2021-10-01,skip
258,2021-10-01,second
101,2021-10-01,vice
174,2021-10-03,vice
286,2021-10-03,lead
131,2021-10-03,skip
137,2021-10-03,second
234,2021-10-05,second
205,2021-10-05,lead
210,2021-10-05,vice
138,2021-10-05,skip
299,2021-10-06,second
333,2021-10-06,skip
376,2021-10-06,skip
242,2021-10-06,vice
264,2021-10-06,second
90,2021-10-06,lead
311,2021-10-06,lead
55,2021-10-06,vice
233,2021-10-06,skip
280,2021-10-06,second
260,2021-10-06,vice
85,2021-10-06,lead
403,2021-10-08,second
149,2021-10-08,lead
273,2021-10-08,skip
337,2021-10-08,skip
230,2021-10-08,vice
18,2021-10-08,lead
326,2021-10-08,vice
169,2021-10-08,second
199,2021-10-09,skip
119,2021-10-09,skip
44,2021-10-09,skip
124,2021-10-09,lead
347,2021-10-09,vice
11,2021-10-09,vice
215,2021-10-09,lead
235,2021-10-09,lead
121,2021-10-09,skip
141,2021-10-09,vice
102,2021-10-09,second
41,2021-10-09,lead
386,2021-10-09,second
147,2021-10-09,vice
202,2021-10-09,second
89,2021-10-09,second
69,2021-10-10,skip
221,2021-10-10,second
144,2021-10-10,lead
55,2021-10-10,second
400,2021-10-10,second
376,2021-10-10,lead
296,2021-10-10,second
299,2021-10-10,skip
127,2021-10-10,vice
401,2021-10-10,vice
380,2021-10-10,lead
78,2021-10-10,vice
353,2021-10-10,skip
36,2021-10-10,vice
164,2021-10-10,skip
46,2021-10-10,lead
312,2021-10-12,lead
185,2021-10-12,second
222,2021-10-12,second
328,2021-10-12,lead
259,2021-10-12,vice
207,2021-10-12,vice
159,2021-10-12,skip
313,2021-10-12,skip
365,2021-10-14,lead
392,2021-10-14,vice
24,2021-10-14,skip
176,2021-10-14,second
176,2021-10-15,vice
322,2021-10-15,lead
190,2021-10-15,vice
95,2021-10-15,second
149,2021-10-15,second
365,2021-10-15,lead
230,2021-10-15,skip
352,2021-10-15,skip
36,2021-10-16,skip
92,2021-10-16,lead
221,2021-10-16,second
194,2021-10-16,skip
152,2021-10-16,vice
304,2021-10-16,second
387,2021-10-16,lead
46,2021-10-16,vice
197,2021-10-17,second
140,2021-10-17,skip
28,2021-10-17,lead
13,2021-10-17,skip
164,2021-10-17,vice
348,2021-10-17,skip
155,2021-10-17,vice
172,2021-10-17,second
62,2021-10-17,skip
327,2021-10-17,lead
336,2021-10-17,vice
387,2021-10-17,lead
210,2021-10-17,vice
46,2021-10-17,second
205,2021-10-17,lead
325,2021-10-17,second
145,2021-10-18,lead
205,2021-10-18,vice
62,2021-10-18,skip
242,2021-10-18,second
311,2021-10-18,vice
197,2021-10-18,second
65,2021-10-18,skip
264,2021-10-18,lead
301,2021-10-19,second
38,2021-10-19,vice
218,2021-10-19,lead
349,2021-10-19,vice
92,2021-10-19,skip
304,2021-10-19,vice
152,2021-10-19,lead
364,2021-10-19,skip
343,2021-10-19,skip
190,2021-10-19,lead
194,2021-10-19,second
149,2021-10-19,second
197,2021-10-20,vice
210,2021-10-20,skip
62,2021-10-20,lead
234,2021-10-20,second
247,2021-10-21,lead
411,2021-10-21,vice
226,2021-10-21,skip
318,2021-10-21,second
101,2021-10-22,second
333,2021-10-22,lead
258,2021-10-22,skip
233,2021-10-22,lead
321,2021-10-22,lead
242,2021-10-22,skip
90,2021-10-22,vice
311,2021-10-22,vice
394,2021-10-22,skip
177,2021-10-22,vice
260,2021-10-22,second
264,2021-10-22,second
90,2021-10-23,second
260,2021-10-23,skip
233,2021-10-23,vice
394,2021-10-23,lead
349,2021-10-25,vice
364,2021-10-25,second
149,2021-10-25,lead
230,2021-10-25,skip
349,2021-10-26,vice
149,2021-10-26,lead
273,2021-10-26,skip
190,2021-10-26,second
140,2021-10-27,skip
221,2021-10-27,lead
46,2021-10-27,vice
36,2021-10-27,second
58,2021-10-29,lead
231,2021-10-29,vice
308,2021-10-29,lead
382,2021-10-29,second
61,2021-10-29,skip
192,2021-10-29,skip
285,2021-10-29,second
358,2021-10-29,vice
123,2021-10-30,vice
58,2021-10-30,skip
285,2021-10-30,second
117,2021-10-30,second
192,2021-10-30,vice
412,2021-10-30,lead
231,2021-10-30,lead
33,2021-10-30,skip
387,2021-10-31,skip
88,2021-10-31,second
5,2021-10-31,vice
140,2021-10-31,second
194,2021-10-31,skip
304,2021-10-31,second
402,2021-10-31,skip
221,2021-10-31,lead
46,2021-10-31,vice
152,2021-10-31,lead
381,2021-10-31,lead
92,2021-10-31,vice
108,2021-11-02,skip
252,2021-11-02,lead
386,2021-11-02,second
244,2021-11-02,vice
168,2021-11-02,vice
395,2021-11-02,skip
141,2021-11-02,lead
399,2021-11-02,skip
367,2021-11-02,second
220,2021-11-02,second
137,2021-11-02,lead
42,2021-11-02,lead
131,2021-11-02,vice
286,2021-11-02,skip
335,2021-11-02,second
409,2021-11-02,vice
326,2021-11-04,vice
419,2021-11-04,skip
169,2021-11-04,second
18,2021-11-04,lead
197,2021-11-05,second
298,2021-11-05,skip
228,2021-11-05,vice
234,2021-11-05,vice
313,2021-11-05,second
138,2021-11-05,lead
207,2021-11-05,skip
312,2021-11-05,lead
157,2021-11-06,lead
277,2021-11-06,second
221,2021-11-06,vice
140,2021-11-06,second
36,2021-11-06,lead
46,2021-11-06,skip
217,2021-11-06,vice
245,2021-11-06,skip
245,2021-11-08,vice
157,2021-11-08,second
348,2021-11-08,lead
172,2021-11-08,second
73,2021-11-08,skip
28,2021-11-08,vice
384,2021-11-08,lead
345,2021-11-08,second
217,2021-11-08,skip
56,2021-11-08,vice
66,2021-11-08,skip
277,2021-11-08,lead
62,2021-11-09,lead
384,2021-11-09,lead
41,2021-11-09,skip
205,2021-11-09,vice
199,2021-11-09,vice
329,2021-11-09,second
141,2021-11-09,lead
298,2021-11-09,skip
56,2021-11-09,second
234,2021-11-09,second
219,2021-11-09,vice
345,2021-11-09,skip
24,2021-11-10,lead
101,2021-11-10,vice
258,2021-11-10,skip
177,2021-11-10,lead
392,2021-11-10,vice
321,2021-11-10,second
176,2021-11-10,second
365,2021-11-10,skip
390,2021-11-11,lead
327,2021-11-11,second
325,2021-11-11,skip
155,2021-11-11,lead
142,2021-11-11,vice
351,2021-11-11,second
421,2021-11-11,skip
393,2021-11-11,vice
169,2021-11-13,skip
18,2021-11-13,lead
205,2021-11-13,lead
419,2021-11-13,vice
337,2021-11-13,second
197,2021-11-13,second
138,2021-11-13,skip
62,2021-11-13,vice
387,2021-11-14,skip
164,2021-11-14,lead
140,2021-11-14,vice
46,2021-11-14,second
415,2021-11-16,skip
194,2021-11-16,second
217,2021-11-16,second
277,2021-11-16,skip
245,2021-11-16,vice
157,2021-11-16,lead
304,2021-11-16,vice
92,2021-11-16,lead
199,2021-11-17,skip
41,2021-11-17,lead
386,2021-11-17,vice
329,2021-11-17,second
55,2021-11-18,vice
376,2021-11-18,lead
418,2021-11-18,skip
85,2021-11-18,second
68,2021-11-19,vice
20,2021-11-19,lead
372,2021-11-19,skip
307,2021-11-19,second
211,2021-11-21,second
154,2021-11-21,vice
141,2021-11-21,skip
199,2021-11-21,second
131,2021-11-21,lead
174,2021-11-21,skip
329,2021-11-21,lead
335,2021-11-21,vice
285,2021-11-23,skip
58,2021-11-23,vice
231,2021-11-23,lead
192,2021-11-23,second
85,2021-11-25,lead
376,2021-11-25,vice
379,2021-11-25,second
409,2021-11-25,lead
395,2021-11-25,vice
42,2021-11-25,skip
182,2021-11-25,second
312,2021-11-25,lead
241,2021-11-25,skip
121,2021-11-25,lead
291,2021-11-25,vice
313,2021-11-25,second
27,2021-11-25,skip
410,2021-11-25,vice
220,2021-11-25,second
418,2021-11-25,second
222,2021-11-25,skip
287,2021-11-25,vice
344,2021-11-25,skip
115,2021-11-25,lead
252,2021-11-27,vice
367,2021-11-27,skip
6,2021-11-27,lead
399,2021-11-27,second
235,2021-11-29,skip
45,2021-11-29,vice
430,2021-11-29,lead
11,2021-11-29,lead
89,2021-11-29,second
202,2021-11-29,second
347,2021-11-29,vice
124,2021-11-29,skip
321,2021-12-01,skip
101,2021-12-01,vice
231,2021-12-01,second
58,2021-12-01,skip
177,2021-12-01,lead
285,2021-12-01,lead
258,2021-12-01,second
192,2021-12-01,vice
114,2021-12-02,second
136,2021-12-02,skip
332,2021-12-02,lead
414,2021-12-02,vice
241,2021-12-03,lead
291,2021-12-03,second
102,2021-12-03,skip
55,2021-12-03,skip
85,2021-12-03,vice
379,2021-12-03,vice
344,2021-12-03,lead
418,2021-12-03,second
351,2021-12-06,vice
421,2021-12-06,skip
433,2021-12-06,second
428,2021-12-06,vice
317,2021-12-06,lead
90,2021-12-06,second
91,2021-12-06,skip
280,2021-12-06,lead
394,2021-12-06,skip
233,2021-12-06,vice
265,2021-12-06,lead
393,2021-12-06,second
174,2021-12-07,second
66,2021-12-07,vice
172,2021-12-07,lead
286,2021-12-07,skip
131,2021-12-07,vice
138,2021-12-07,skip
145,2021-12-07,second
348,2021-12-07,second
335,2021-12-07,lead
205,2021-12-07,vice
28,2021-12-07,skip
62,2021-12-07,lead
26,2021-12-08,second
256,2021-12-08,lead
305,2021-12-08,vice
224,2021-12-08,skip
353,2021-12-09,lead
127,2021-12-09,vice
111,2021-12-09,skip
151,2021-12-09,second
365,2021-12-10,vice
24,2021-12-10,second
176,2021-12-10,skip
352,2021-12-10,lead
338,2021-12-11,vice
263,2021-12-11,vice
440,2021-12-11,vice
6,2021-12-11,vice
176,2021-12-11,lead
252,2021-12-11,lead
24,2021-12-11,skip
157,2021-12-11,second
29,2021-12-11,second
424,2021-12-11,skip
143,2021-12-11,skip
352,2021-12-11,vice
245,2021-12-11,skip
35,2021-12-11,second
399,2021-12-11,second
365,2021-12-11,second
277,2021-12-11,lead
367,2021-12-11,skip
388,2021-12-11,lead
427,2021-12-11,lead
136,2021-12-12,vice
418,2021-12-12,vice
422,2021-12-12,lead
325,2021-12-12,skip
11,2021-12-12,skip
45,2021-12-12,vice
44,2021-12-12,lead
142,2021-12-12,vice
85,2021-12-12,second
14,2021-12-12,lead
344,2021-12-12,skip
254,2021-12-12,skip
235,2021-12-12,second
327,2021-12-12,second
376,2021-12-12,lead
332,2021-12-12,second
55,2021-12-13,second
352,2021-12-13,skip
164,2021-12-13,second
36,2021-12-13,skip
176,2021-12-13,vice
376,2021-12-13,skip
221,2021-12-13,lead
392,2021-12-13,second
365,2021-12-13,lead
140,2021-12-13,vice
418,2021-12-13,vice
344,2021-12-13,lead
45,2021-12-14,skip
422,2021-12-14,second
235,2021-12-14,second
89,2021-12-14,vice
327,2021-12-14,lead
120,2021-12-14,vice
44,2021-12-14,lead
267,2021-12-14,vice
371,2021-12-14,skip
178,2021-12-14,second
188,2021-12-14,lead
370,2021-12-14,skip
29,2021-12-15,lead
263,2021-12-15,skip
427,2021-12-15,second
143,2021-12-15,vice
256,2021-12-17,vice
267,2021-12-17,lead
305,2021-12-17,lead
224,2021-12-17,skip
325,2021-12-17,skip
26,2021-12-17,second
422,2021-12-17,second
155,2021-12-17,vice
154,2021-12-19,lead
108,2021-12-19,second
55,2021-12-19,skip
344,2021-12-19,vice
376,2021-12-19,second
141,2021-12-19,skip
418,2021-12-19,lead
168,2021-12-19,vice
207,2021-12-20,vice
222,2021-12-20,second
137,2021-12-20,second
312,2021-12-20,lead
249,2021-12-20,skip
131,2021-12-20,skip
211,2021-12-20,vice
286,2021-12-20,lead
407,2021-12-22,second
398,2021-12-22,skip
95,2021-12-22,vice
331,2021-12-22,vice
159,2021-12-22,lead
365,2021-12-22,skip
392,2021-12-22,second
24,2021-12-22,lead
145,2021-12-23,skip
210,2021-12-23,lead
138,2021-12-23,second
298,2021-12-23,vice
55,2021-12-25,skip
344,2021-12-25,second
418,2021-12-25,vice
376,2021-12-25,lead
286,2021-12-26,skip
451,2021-12-26,vice
211,2021-12-26,lead
131,2021-12-26,second
285,2021-12-28,vice
399,2021-12-28,vice
428,2021-12-28,vice
192,2021-12-28,second
58,2021-12-28,skip
231,2021-12-28,lead
6,2021-12-28,second
367,2021-12-28,lead
317,2021-12-28,second
433,2021-12-28,lead
252,2021-12-28,skip
180,2021-12-28,skip
241,2021-12-29,vice
393,2021-12-29,vice
265,2021-12-29,second
439,2021-12-29,lead
291,2021-12-29,lead
421,2021-12-29,skip
379,2021-12-29,second
121,2021-12-29,skip
338,2021-12-30,vice
218,2021-12-30,second
183,2021-12-30,second
424,2021-12-30,lead
412,2021-12-30,lead
63,2021-12-30,skip
182,2021-12-30,skip
388,2021-12-30,skip
35,2021-12-30,second
38,2021-12-30,lead
33,2021-12-30,vice
343,2021-12-30,vice
18,2022-01-01,skip
326,2022-01-01,vice
419,2022-01-01,second
337,2022-01-01,lead
415,2022-01-04,second
304,2022-01-04,skip
399,2022-01-04,lead
153,2022-01-04,lead
367,2022-01-04,vice
445,2022-01-04,vice
284,2022-01-04,vice
386,2022-01-04,vice
6,2022-01-04,skip
449,2022-01-04,second
199,2022-01-04,skip
152,2022-01-04,lead
208,2022-01-04,skip
252,2022-01-04,second
329,2022-01-04,second
168,2022-01-04,lead
453,2022-01-05,lead
35,2022-01-05,lead
456,2022-01-05,vice
388,2022-01-05,skip
39,2022-01-05,skip
338,2022-01-05,vice
396,2022-01-05,second
424,2022-01-05,second
336,2022-01-06,second
66,2022-01-06,skip
28,2022-01-06,lead
348,2022-01-06,vice
159,2022-01-08,second
93,2022-01-08,second
185,2022-01-08,vice
39,2022-01-08,lead
259,2022-01-08,skip
331,2022-01-08,lead
396,2022-01-08,skip
456,2022-01-08,vice
6,2022-01-09,skip
244,2022-01-09,lead
399,2022-01-09,second
242,2022-01-09,second
264,2022-01-09,skip
436,2022-01-09,lead
367,2022-01-09,vice
311,2022-01-09,vice
180,2022-01-12,second
142,2022-01-12,lead
91,2022-01-12,vice
13,2022-01-12,skip
428,2022-01-12,skip
371,2022-01-12,second
325,2022-01-12,vice
317,2022-01-12,lead
258,2022-01-13,vice
180,2022-01-13,skip
447,2022-01-13,second
91,2022-01-13,vice
428,2022-01-13,lead
149,2022-01-13,vice
273,2022-01-13,second
433,2022-01-13,second
426,2022-01-13,lead
101,2022-01-13,lead
349,2022-01-13,skip
321,2022-01-13,skip
58,2022-01-14,second
90,2022-01-14,second
458,2022-01-14,skip
260,2022-01-14,vice
192,2022-01-14,vice
394,2022-01-14,lead
285,2022-01-14,lead
280,2022-01-14,skip
304,2022-01-15,second
194,2022-01-15,lead
92,2022-01-15,skip
152,2022-01-15,vice
121,2022-01-16,skip
24,2022-01-16,skip
245,2022-01-16,lead
136,2022-01-16,skip
14,2022-01-16,vice
95,2022-01-16,lead
277,2022-01-16,second
291,2022-01-16,lead
437,2022-01-16,lead
102,2022-01-16,vice
365,2022-01-16,second
379,2022-01-16,second
332,2022-01-16,second
440,2022-01-16,skip
157,2022-01-16,vice
392,2022-01-16,vice
456,2022-01-17,skip
39,2022-01-17,vice
151,2022-01-17,vice
111,2022-01-17,skip
453,2022-01-17,second
400,2022-01-17,lead
93,2022-01-17,lead
144,2022-01-17,second
284,2022-01-18,second
153,2022-01-18,vice
208,2022-01-18,lead
449,2022-01-18,skip
226,2022-01-20,lead
247,2022-01-20,second
398,2022-01-20,lead
407,2022-01-20,vice
201,2022-01-20,vice
331,2022-01-20,second
294,2022-01-20,skip
104,2022-01-20,skip
141,2022-01-23,second
199,2022-01-23,vice
42,2022-01-23,second
395,2022-01-23,lead
386,2022-01-23,lead
409,2022-01-23,vice
220,2022-01-23,skip
108,2022-01-23,skip
228,2022-01-24,skip
27,2022-01-24,second
197,2022-01-24,lead
410,2022-01-24,vice
440,2022-01-24,lead
208,2022-01-24,second
145,2022-01-24,skip
218,2022-01-24,skip
234,2022-01-24,vice
380,2022-01-24,second
198,2022-01-24,lead
461,2022-01-24,vice
280,2022-01-24,skip
245,2022-01-24,vice
90,2022-01-24,vice
284,2022-01-24,skip
78,2022-01-24,skip
260,2022-01-24,second
157,2022-01-24,second
454,2022-01-24,second
153,2022-01-24,vice
277,2022-01-24,skip
233,2022-01-24,lead
222,2022-01-24,lead
343,2022-01-24,lead
60,2022-01-24,vice
205,2022-01-24,second
48,2022-01-24,skip
69,2022-01-24,lead
449,2022-01-24,lead
435,2022-01-24,vice
287,2022-01-24,second
215,2022-01-25,second
454,2022-01-25,skip
42,2022-01-25,skip
409,2022-01-25,second
48,2022-01-25,second
379,2022-01-25,vice
60,2022-01-25,lead
220,2022-01-25,lead
291,2022-01-25,skip
198,2022-01-25,vice
241,2022-01-25,lead
395,2022-01-25,vice
6,2022-01-26,second
199,2022-01-26,lead
461,2022-01-26,second
337,2022-01-26,skip
312,2022-01-26,skip
222,2022-01-26,lead
419,2022-01-26,lead
244,2022-01-26,lead
117,2022-01-26,skip
249,2022-01-26,vice
326,2022-01-26,second
386,2022-01-26,skip
63,2022-01-26,lead
252,2022-01-26,vice
399,2022-01-26,skip
108,2022-01-26,vice
18,2022-01-26,vice
329,2022-01-26,second
33,2022-01-26,second
183,2022-01-26,vice
38,2022-01-27,lead
426,2022-01-27,second
149,2022-01-27,lead
36,2022-01-27,second
322,2022-01-27,skip
387,2022-01-27,lead
349,2022-01-27,vice
27,2022-01-27,vice
221,2022-01-27,vice
46,2022-01-27,skip
301,2022-01-27,second
182,2022-01-27,skip
207,2022-01-29,lead
14,2022-01-29,lead
249,2022-01-29,second
159,2022-01-29,vice
228,2022-01-29,vice
407,2022-01-29,lead
166,2022-01-29,skip
294,2022-01-29,skip
259,2022-01-29,second
222,2022-01-29,skip
114,2022-01-29,second
254,2022-01-29,vice
121,2022-01-30,lead
291,2022-01-30,second
241,2022-01-30,skip
215,2022-01-30,vice
260,2022-01-31,second
394,2022-01-31,skip
280,2022-01-31,vice
233,2022-01-31,lead
424,2022-02-01,second
311,2022-02-01,skip
333,2022-02-01,second
338,2022-02-01,vice
388,2022-02-01,skip
35,2022-02-01,lead
242,2022-02-01,lead
397,2022-02-01,vice
451,2022-02-02,skip
352,2022-02-02,skip
365,2022-02-02,second
131,2022-02-02,vice
137,2022-02-02,second
95,2022-02-02,vice
335,2022-02-02,lead
176,2022-02-02,lead
393,2022-02-03,skip
21,2022-02-03,second
117,2022-02-03,second
439,2022-02-03,lead
412,2022-02-03,lead
421,2022-02-03,vice
351,2022-02-03,second
382,2022-02-03,skip
183,2022-02-03,skip
61,2022-02-03,lead
308,2022-02-03,vice
123,2022-02-03,vice
188,2022-02-04,lead
46,2022-02-04,second
221,2022-02-04,vice
387,2022-02-04,lead
178,2022-02-04,second
164,2022-02-04,skip
370,2022-02-04,skip
120,2022-02-04,vice
221,2022-02-05,skip
36,2022-02-05,lead
425,2022-02-05,vice
46,2022-02-05,second
447,2022-02-06,lead
60,2022-02-06,skip
177,2022-02-06,second
50,2022-02-06,vice
101,2022-02-06,skip
454,2022-02-06,lead
48,2022-02-06,second
321,2022-02-06,vice
242,2022-02-07,skip
311,2022-02-07,lead
264,2022-02-07,vice
436,2022-02-07,second
317,2022-02-08,skip
180,2022-02-08,vice
91,2022-02-08,second
428,2022-02-08,lead
415,2022-02-09,vice
304,2022-02-09,lead
199,2022-02-09,vice
91,2022-02-09,second
367,2022-02-09,skip
252,2022-02-09,lead
445,2022-02-09,second
440,2022-02-09,second
409,2022-02-09,second
220,2022-02-09,skip
157,2022-02-09,skip
421,2022-02-09,skip
400,2022-02-09,skip
329,2022-02-09,skip
428,2022-02-09,skip
351,2022-02-09,lead
180,2022-02-09,lead
108,2022-02-09,second
317,2022-02-09,vice
127,2022-02-09,lead
277,2022-02-09,vice
144,2022-02-09,vice
439,2022-02-09,vice
399,2022-02-09,second
42,2022-02-09,lead
395,2022-02-09,vice
245,2022-02-09,lead
265,2022-02-09,second
194,2022-02-09,skip
244,2022-02-09,vice
151,2022-02-09,second
467,2022-02-09,lead
353,2022-02-12,second
400,2022-02-12,skip
111,2022-02-12,vice
151,2022-02-12,lead
210,2022-02-15,skip
400,2022-02-15,skip
393,2022-02-15,skip
421,2022-02-15,vice
62,2022-02-15,lead
433,2022-02-15,lead
91,2022-02-15,second
144,2022-02-15,vice
439,2022-02-15,lead
151,2022-02-15,lead
205,2022-02-15,vice
180,2022-02-15,vice
145,2022-02-15,second
111,2022-02-15,second
351,2022-02-15,second
428,2022-02-15,skip
141,2022-02-16,second
336,2022-02-16,second
28,2022-02-16,skip
388,2022-02-16,vice
467,2022-02-16,skip
397,2022-02-16,skip
436,2022-02-16,lead
338,2022-02-16,lead
264,2022-02-16,vice
65,2022-02-16,second
473,2022-02-16,second
66,2022-02-16,vice
348,2022-02-16,lead
41,2022-02-16,lead
424,2022-02-16,skip
329,2022-02-16,vice
347,2022-02-18,vice
273,2022-02-18,vice
247,2022-02-18,second
104,2022-02-18,vice
119,2022-02-18,skip
201,2022-02-18,lead
227,2022-02-18,second
318,2022-02-18,skip
322,2022-02-18,lead
426,2022-02-18,skip
202,2022-02-18,lead
230,2022-02-18,second
263,2022-02-19,vice
450,2022-02-19,skip
452,2022-02-19,second
143,2022-02-19,lead
142,2022-02-21,skip
244,2022-02-21,skip
393,2022-02-21,second
327,2022-02-21,second
439,2022-02-21,lead
267,2022-02-21,vice
367,2022-02-21,second
252,2022-02-21,vice
399,2022-02-21,lead
13,2022-02-21,lead
265,2022-02-21,vice
421,2022-02-21,skip
44,2022-02-24,second
11,2022-02-24,lead
45,2022-02-24,vice
235,2022-02-24,skip
218,2022-02-26,lead
115,2022-02-26,vice
410,2022-02-26,second
38,2022-02-26,skip
111,2022-02-27,second
415,2022-02-27,skip
147,2022-02-27,vice
127,2022-02-27,skip
291,2022-02-27,skip
215,2022-02-27,second
35,2022-02-27,lead
387,2022-02-27,vice
18,2022-02-27,vice
169,2022-02-27,skip
36,2022-02-27,lead
419,2022-02-27,lead
353,2022-02-27,vice
46,2022-02-27,second
425,2022-02-27,skip
480,2022-02-27,vice
121,2022-02-27,lead
151,2022-02-27,lead
424,2022-02-27,second
473,2022-02-27,skip
326,2022-02-27,second
194,2022-02-27,lead
92,2022-02-27,second
152,2022-02-27,vice
41,2022-03-01,second
183,2022-03-01,skip
123,2022-03-01,vice
33,2022-03-01,lead
412,2022-03-01,second
329,2022-03-01,skip
386,2022-03-01,lead
199,2022-03-01,vice
256,2022-03-02,skip
244,2022-03-02,lead
422,2022-03-02,second
459,2022-03-02,second
6,2022-03-02,second
477,2022-03-02,second
428,2022-03-02,skip
180,2022-03-02,vice
305,2022-03-02,lead
482,2022-03-02,lead
155,2022-03-02,lead
224,2022-03-02,vice
13,2022-03-02,vice
252,2022-03-02,vice
399,2022-03-02,skip
325,2022-03-02,skip
456,2022-03-04,lead
39,2022-03-04,skip
460,2022-03-04,vice
453,2022-03-04,second
440,2022-03-05,skip
277,2022-03-05,lead
157,2022-03-05,second
245,2022-03-05,vice
151,2022-03-06,vice
393,2022-03-06,skip
127,2022-03-06,lead
421,2022-03-06,vice
485,2022-03-06,lead
353,2022-03-06,second
439,2022-03-06,second
400,2022-03-06,skip
486,2022-03-07,vice
439,2022-03-07,second
479,2022-03-07,lead
393,2022-03-07,skip
421,2022-03-07,lead
348,2022-03-07,second
66,2022-03-07,vice
336,2022-03-07,skip
214,2022-03-08,second
88,2022-03-08,skip
5,2022-03-08,vice
402,2022-03-08,lead
197,2022-03-09,second
62,2022-03-09,skip
138,2022-03-09,vice
234,2022-03-09,lead
422,2022-03-10,skip
325,2022-03-10,second
155,2022-03-10,vice
371,2022-03-10,lead
44,2022-03-14,skip
326,2022-03-14,skip
443,2022-03-14,vice
235,2022-03-14,lead
169,2022-03-14,second
89,2022-03-14,second
337,2022-03-14,lead
45,2022-03-14,vice
308,2022-03-16,vice
200,2022-03-16,lead
323,2022-03-16,second
382,2022-03-16,skip
73,2022-03-19,lead
241,2022-03-19,vice
147,2022-03-19,lead
215,2022-03-19,skip
219,2022-03-19,skip
121,2022-03-19,second
345,2022-03-19,vice
56,2022-03-19,second
291,2022-03-20,second
241,2022-03-20,skip
215,2022-03-20,lead
147,2022-03-20,vice
178,2022-03-21,second
173,2022-03-21,lead
399,2022-03-21,second
335,2022-03-21,second
137,2022-03-21,lead
260,2022-03-21,vice
280,2022-03-21,skip
174,2022-03-21,vice
6,2022-03-21,lead
120,2022-03-21,skip
367,2022-03-21,skip
211,2022-03-21,skip
394,2022-03-21,lead
90,2022-03-21,second
252,2022-03-21,vice
188,2022-03-21,vice
66,2022-03-22,lead
219,2022-03-22,lead
345,2022-03-22,second
336,2022-03-22,vice
498,2022-03-22,skip
73,2022-03-22,skip
56,2022-03-22,vice
28,2022-03-22,second
352,2022-03-23,lead
24,2022-03-23,skip
365,2022-03-23,vice
95,2022-03-23,second
24,2022-03-24,second
352,2022-03-24,skip
95,2022-03-24,lead
176,2022-03-24,vice
418,2022-03-26,second
376,2022-03-26,skip
453,2022-03-26,skip
93,2022-03-26,second
55,2022-03-26,lead
344,2022-03-26,vice
39,2022-03-26,lead
456,2022-03-26,vice
319,2022-03-28,second
221,2022-03-28,vice
200,2022-03-28,vice
46,2022-03-28,skip
61,2022-03-28,skip
387,2022-03-28,second
323,2022-03-28,lead
36,2022-03-28,lead
387,2022-03-30,skip
164,2022-03-30,vice
46,2022-03-30,lead
36,2022-03-30,second
363,2022-03-31,skip
72,2022-03-31,second
159,2022-03-31,vice
294,2022-03-31,lead
234,2022-04-01,second
138,2022-04-01,lead
145,2022-04-01,vice
62,2022-04-01,skip
92,2022-04-02,skip
480,2022-04-02,lead
445,2022-04-02,lead
424,2022-04-02,second
35,2022-04-02,vice
338,2022-04-02,skip
152,2022-04-02,second
415,2022-04-02,vice
414,2022-04-03,vice
50,2022-04-03,lead
437,2022-04-03,second
14,2022-04-03,lead
332,2022-04-03,skip
454,2022-04-03,vice
48,2022-04-03,second
156,2022-04-03,skip
247,2022-04-04,vice
502,2022-04-04,second
201,2022-04-04,skip
318,2022-04-04,lead
93,2022-04-05,lead
460,2022-04-05,vice
39,2022-04-05,second
456,2022-04-05,skip
477,2022-04-07,lead
370,2022-04-07,skip
6,2022-04-07,skip
428,2022-04-07,skip
252,2022-04-07,lead
120,2022-04-07,vice
367,2022-04-07,second
188,2022-04-07,second
482,2022-04-07,vice
399,2022-04-07,vice
180,2022-04-07,second
178,2022-04-07,lead
319,2022-04-08,lead
200,2022-04-08,second
61,2022-04-08,skip
21,2022-04-08,vice
388,2022-04-10,second
397,2022-04-10,second
333,2022-04-10,skip
35,2022-04-10,lead
480,2022-04-10,skip
311,2022-04-10,vice
338,2022-04-10,vice
471,2022-04-10,lead
226,2022-04-11,lead
5,2022-04-11,second
311,2022-04-11,lead
318,2022-04-11,second
402,2022-04-11,lead
436,2022-04-11,second
65,2022-04-11,vice
201,2022-04-11,vice
381,2022-04-11,vice
264,2022-04-11,skip
214,2022-04-11,skip
247,2022-04-11,skip
491,2022-04-13,second
450,2022-04-13,lead
263,2022-04-13,vice
427,2022-04-13,skip
485,2022-04-14,skip
439,2022-04-14,vice
265,2022-04-14,lead
486,2022-04-14,second
387,2022-04-15,lead
36,2022-04-15,second
46,2022-04-15,skip
164,2022-04-15,vice
14,2022-04-17,vice
114,2022-04-17,skip
437,2022-04-17,second
278,2022-04-17,skip
414,2022-04-17,lead
310,2022-04-17,second
489,2022-04-17,vice
7,2022-04-17,lead
392,2022-04-18,lead
352,2022-04-18,second
24,2022-04-18,vice
365,2022-04-18,skip
121,2022-04-19,second
147,2022-04-19,lead
291,2022-04-19,skip
241,2022-04-19,vice
224,2022-04-20,lead
485,2022-04-20,skip
6,2022-04-20,lead
13,2022-04-20,lead
379,2022-04-20,skip
215,2022-04-20,lead
459,2022-04-20,second
244,2022-04-20,vice
147,2022-04-20,vice
265,2022-04-20,vice
486,2022-04-20,lead
26,2022-04-20,vice
267,2022-04-20,vice
327,2022-04-20,second
155,2022-04-20,skip
256,2022-04-20,skip
367,2022-04-20,second
393,2022-04-20,second
241,2022-04-20,second
252,2022-04-20,skip
245,2022-04-21,second
41,2022-04-21,second
399,2022-04-21,lead
277,2022-04-21,skip
447,2022-04-21,second
321,2022-04-21,skip
177,2022-04-21,lead
157,2022-04-21,lead
168,2022-04-21,skip
329,2022-04-21,lead
199,2022-04-21,vice
367,2022-04-21,skip
440,2022-04-21,vice
252,2022-04-21,second
6,2022-04-21,vice
101,2022-04-21,vice
319,2022-04-22,vice
95,2022-04-22,second
365,2022-04-22,lead
61,2022-04-22,second
352,2022-04-22,vice
24,2022-04-22,skip
358,2022-04-22,lead
200,2022-04-22,skip
384,2022-04-24,vice
56,2022-04-24,lead
73,2022-04-24,second
219,2022-04-24,skip
120,2022-04-26,skip
38,2022-04-26,second
155,2022-04-26,lead
308,2022-04-26,vice
507,2022-04-26,lead
27,2022-04-26,skip
200,2022-04-26,skip
13,2022-04-26,vice
319,2022-04-26,second
178,2022-04-26,vice
358,2022-04-26,lead
218,2022-04-26,lead
188,2022-04-26,second
422,2022-04-26,second
267,2022-04-26,skip
182,2022-04-26,vice
115,2022-04-27,skip
395,2022-04-27,second
409,2022-04-27,lead
301,2022-04-27,second
182,2022-04-27,vice
343,2022-04-27,lead
220,2022-04-27,vice
42,2022-04-27,skip
273,2022-04-28,vice
231,2022-04-28,second
36,2022-04-28,second
387,2022-04-28,vice
285,2022-04-28,lead
192,2022-04-28,vice
230,2022-04-28,second
506,2022-04-28,skip
221,2022-04-28,skip
514,2022-04-28,skip
46,2022-04-28,lead
190,2022-04-28,lead
41,2022-04-29,lead
386,2022-04-29,skip
329,2022-04-29,second
467,2022-04-29,vice
210,2022-04-30,vice
234,2022-04-30,lead
221,2022-04-30,second
62,2022-04-30,skip
46,2022-04-30,vice
387,2022-04-30,skip
36,2022-04-30,lead
197,2022-04-30,second
95,2022-05-01,vice
392,2022-05-01,skip
24,2022-05-01,second
176,2022-05-01,lead
18,2022-05-03,second
419,2022-05-03,vice
169,2022-05-03,skip
499,2022-05-03,second
28,2022-05-03,lead
336,2022-05-03,vice
443,2022-05-03,lead
348,2022-05-03,skip
252,2022-05-04,skip
55,2022-05-04,vice
6,2022-05-04,second
474,2022-05-04,skip
164,2022-05-04,vice
395,2022-05-04,skip
459,2022-05-04,vice
188,2022-05-04,second
46,2022-05-04,second
387,2022-05-04,lead
376,2022-05-04,second
42,2022-05-04,lead
244,2022-05-04,vice
507,2022-05-04,vice
120,2022-05-04,lead
26,2022-05-04,second
511,2022-05-04,vice
399,2022-05-04,lead
409,2022-05-04,second
344,2022-05-04,lead
36,2022-05-04,skip
256,2022-05-04,skip
224,2022-05-04,lead
178,2022-05-04,skip
344,2022-05-05,lead
363,2022-05-05,lead
222,2022-05-05,second
398,2022-05-05,second
218,2022-05-05,lead
259,2022-05-05,skip
55,2022-05-05,skip
249,2022-05-05,vice
493,2022-05-05,lead
115,2022-05-05,vice
287,2022-05-05,skip
159,2022-05-05,vice
27,2022-05-05,second
474,2022-05-05,vice
343,2022-05-05,skip
418,2022-05-05,second
90,2022-05-06,skip
55,2022-05-06,skip
337,2022-05-06,skip
241,2022-05-06,vice
291,2022-05-06,second
18,2022-05-06,second
137,2022-05-06,skip
451,2022-05-06,vice
376,2022-05-06,lead
419,2022-05-06,lead
121,2022-05-06,lead
394,2022-05-06,lead
326,2022-05-06,vice
344,2022-05-06,second
147,2022-05-06,skip
500,2022-05-06,second
211,2022-05-06,second
131,2022-05-06,lead
233,2022-05-06,vice
418,2022-05-06,vice
344,2022-05-07,skip
85,2022-05-07,lead
166,2022-05-07,lead
55,2022-05-07,second
136,2022-05-07,second
114,2022-05-07,vice
418,2022-05-07,vice
487,2022-05-07,skip
397,2022-05-08,second
182,2022-05-08,skip
214,2022-05-08,vice
311,2022-05-08,vice
301,2022-05-08,second
347,2022-05-08,lead
88,2022-05-08,second
202,2022-05-08,second
343,2022-05-08,lead
218,2022-05-08,vice
430,2022-05-08,vice
333,2022-05-08,lead
381,2022-05-08,skip
471,2022-05-08,skip
5,2022-05-08,lead
227,2022-05-08,skip
358,2022-05-09,second
200,2022-05-09,vice
156,2022-05-09,lead
495,2022-05-09,second
61,2022-05-09,lead
323,2022-05-09,skip
60,2022-05-09,vice
454,2022-05-09,skip
301,2022-05-10,second
343,2022-05-10,skip
27,2022-05-10,lead
218,2022-05-10,vice
260,2022-05-11,second
233,2022-05-11,vice
90,2022-05-11,lead
394,2022-05-11,skip
296,2022-05-13,vice
69,2022-05-13,lead
166,2022-05-13,lead
380,2022-05-13,skip
147,2022-05-13,lead
121,2022-05-13,skip
241,2022-05-13,second
379,2022-05-13,vice
14,2022-05-13,vice
332,2022-05-13,second
78,2022-05-13,second
114,2022-05-13,skip
144,2022-05-15,lead
78,2022-05-15,lead
380,2022-05-15,skip
127,2022-05-15,skip
111,2022-05-15,vice
69,2022-05-15,vice
60,2022-05-15,second
48,2022-05-15,vice
454,2022-05-15,skip
495,2022-05-15,lead
400,2022-05-15,second
296,2022-05-15,second
440,2022-05-16,lead
467,2022-05-16,vice
409,2022-05-16,vice
245,2022-05-16,vice
168,2022-05-16,lead
395,2022-05-16,lead
199,2022-05-16,skip
477,2022-05-16,vice
433,2022-05-16,lead
157,2022-05-16,second
42,2022-05-16,skip
386,2022-05-16,second
529,2022-05-16,skip
220,2022-05-16,second
482,2022-05-16,second
277,2022-05-16,skip
198,2022-05-20,skip
50,2022-05-20,second
168,2022-05-20,skip
156,2022-05-20,lead
48,2022-05-20,vice
467,2022-05-20,second
329,2022-05-20,vice
141,2022-05-20,lead
329,2022-05-21,vice
394,2022-05-21,skip
168,2022-05-21,second
467,2022-05-21,lead
280,2022-05-21,lead
141,2022-05-21,skip
260,2022-05-21,second
233,2022-05-21,vice
224,2022-05-22,skip
256,2022-05-22,lead
459,2022-05-22,vice
524,2022-05-22,vice
365,2022-05-22,vice
176,2022-05-22,skip
333,2022-05-22,skip
26,2022-05-22,second
397,2022-05-22,lead
352,2022-05-22,second
95,2022-05-22,lead
264,2022-05-22,second
399,2022-05-24,second
183,2022-05-24,vice
61,2022-05-24,skip
244,2022-05-24,skip
123,2022-05-24,second
531,2022-05-24,skip
21,2022-05-24,second
200,2022-05-24,lead
412,2022-05-24,lead
252,2022-05-24,lead
367,2022-05-24,vice
358,2022-05-24,vice
312,2022-05-26,skip
287,2022-05-26,second
493,2022-05-26,vice
263,2022-05-26,vice
18,2022-05-26,second
419,2022-05-26,vice
233,2022-05-26,skip
452,2022-05-26,second
280,2022-05-26,second
394,2022-05-26,vice
260,2022-05-26,lead
143,2022-05-26,skip
337,2022-05-26,skip
326,2022-05-26,lead
491,2022-05-26,lead
249,2022-05-26,lead
332,2022-05-28,vice
544,2022-05-28,skip
114,2022-05-28,skip
197,2022-05-28,lead
205,2022-05-28,vice
62,2022-05-28,skip
449,2022-05-28,second
254,2022-05-28,second
166,2022-05-28,lead
153,2022-05-28,vice
208,2022-05-28,lead
138,2022-05-28,second
443,2022-05-29,lead
123,2022-05-29,second
412,2022-05-29,skip
459,2022-05-29,second
419,2022-05-29,second
26,2022-05-29,skip
326,2022-05-29,vice
183,2022-05-29,vice
63,2022-05-29,lead
18,2022-05-29,skip
224,2022-05-29,vice
256,2022-05-29,lead
224,2022-05-30,skip
7,2022-05-30,vice
26,2022-05-30,vice
278,2022-05-30,skip
459,2022-05-30,lead
347,2022-05-30,lead
227,2022-05-30,second
202,2022-05-30,vice
489,2022-05-30,lead
525,2022-05-30,second
256,2022-05-30,second
430,2022-05-30,skip
